TJIINDEXNAME,YFSYMBOLS
TJI Agro Chemicals,AARTIIND.NS
TJI Agro Chemicals,BASF.NS
TJI Agro Chemicals,GODREJAGRO.NS
TJI Agro Chemicals,HERANBA.NS
TJI Agro Chemicals,INSECTICID.NS
TJI Agro Chemicals,IPL.NS
TJI Agro Chemicals,MOL.NS
TJI Agro Chemicals,PIIND.NS
TJI Agro Chemicals,PUNJABCHEM.NS
TJI Agro Chemicals,RALLIS.NS
TJI Agro Chemicals,SHARDACROP.NS
TJI Agro Chemicals,TATACHEM.NS
TJI Agro Chemicals,UPL.NS
TJI Alcoholic Beverages,ASALCBR.NS
TJI Alcoholic Beverages,GLOBUSSPR.NS
TJI Alcoholic Beverages,GMBREW.NS
TJI Alcoholic Beverages,IFBAGRO.NS
TJI Alcoholic Beverages,RADICO.NS
TJI Alcoholic Beverages,SDBL.NS
TJI Alcoholic Beverages,TI.NS
TJI Alcoholic Beverages,UBL.NS
TJI Alcoholic Beverages,UNITDSPR.NS
TJI Alkali Chemicals,ANDHRSUGAR.NS
TJI Alkali Chemicals,DCW.NS
TJI Alkali Chemicals,GHCL.NS
TJI Alkali Chemicals,LORDSCHLO.BO
TJI Alkali Chemicals,TATACHEM.NS
TJI Alkali Chemicals,TGVSL.BO
TJI Asset Management,360ONE.NS
TJI Asset Management,ABCAPITAL.NS
TJI Asset Management,ABSLAMC.NS
TJI Asset Management,ANANDRATHI.NS
TJI Asset Management,EDELWEISS.NS
TJI Asset Management,HDFCAMC.NS
TJI Asset Management,JMFINANCIL.NS
TJI Asset Management,LTF.NS
TJI Asset Management,MOTILALOFS.NS
TJI Asset Management,NAM-INDIA.NS
TJI Asset Management,NUVAMA.NS
TJI Asset Management,PRUDENT.NS
TJI Asset Management,SRAMSET.BO
TJI Asset Management,SUNDARMFIN.NS
TJI Asset Management,UTIAMC.NS
TJI Auto Ancillary,ACGL.BO
TJI Auto Ancillary,ALICON.NS
TJI Auto Ancillary,APOLLOTYRE.NS
TJI Auto Ancillary,AUTOAXLES.NS
TJI Auto Ancillary,BALKRISIND.NS
TJI Auto Ancillary,BANCOINDIA.NS
TJI Auto Ancillary,BHARATFORG.NS
TJI Auto Ancillary,BOSCHLTD.NS
TJI Auto Ancillary,CEATLTD.NS
TJI Auto Ancillary,CHOLAFIN.NS
TJI Auto Ancillary,DYNAMATECH.NS
TJI Auto Ancillary,ENDURANCE.NS
TJI Auto Ancillary,ENKEIWHEL.BO
TJI Auto Ancillary,FIEMIND.NS
TJI Auto Ancillary,FMGOETZE.NS
TJI Auto Ancillary,GABRIEL.NS
TJI Auto Ancillary,GNA.NS
TJI Auto Ancillary,HINDCOMPOS.NS
TJI Auto Ancillary,HITECHGEAR.NS
TJI Auto Ancillary,INDNIPPON.NS
TJI Auto Ancillary,JAMNAAUTO.NS
TJI Auto Ancillary,JAYBARMARU.NS
TJI Auto Ancillary,JBMA.NS
TJI Auto Ancillary,JKTYRE.NS
TJI Auto Ancillary,JTEKTINDIA.NS
TJI Auto Ancillary,LUMAXIND.NS
TJI Auto Ancillary,LUMAXTECH.NS
TJI Auto Ancillary,MENONBE.NS
TJI Auto Ancillary,MINDACORP.NS
TJI Auto Ancillary,MOTHERSON.NS
TJI Auto Ancillary,MRF.NS
TJI Auto Ancillary,MUNJALSHOW.NS
TJI Auto Ancillary,PPAP.NS
TJI Auto Ancillary,PRECAM.NS
TJI Auto Ancillary,RANEHOLDIN.NS
TJI Auto Ancillary,RICOAUTO.NS
TJI Auto Ancillary,RKFORGE.NS
TJI Auto Ancillary,RML.NS
TJI Auto Ancillary,ROLEXRINGS.NS
TJI Auto Ancillary,SANSERA.NS
TJI Auto Ancillary,SHANTIGEAR.NS
TJI Auto Ancillary,SHIVAMAUTO.NS
TJI Auto Ancillary,SONACOMS.NS
TJI Auto Ancillary,SSWL.NS
TJI Auto Ancillary,STERTOOLS.NS
TJI Auto Ancillary,SUBROS.NS
TJI Auto Ancillary,SUPRAJIT.NS
TJI Auto Ancillary,SWARAJENG.NS
TJI Auto Ancillary,TVSHLTD.NS
TJI Auto Ancillary,TVSSRICHAK.NS
TJI Auto Ancillary,UCAL.NS
TJI Auto Ancillary,UNOMINDA.NS
TJI Auto Ancillary,VARROC.NS
TJI Auto Ancillary,WHEELS.NS
TJI Auto Ancillary,YUKEN.BO
TJI Auto Ancillary,ZFCVINDIA.NS
TJI Auto Ancillary,ZFSTEERING.BO
TJI Auto OEM,ASHOKLEY.NS
TJI Auto OEM,ATULAUTO.NS
TJI Auto OEM,BAJAJ-AUTO.NS
TJI Auto OEM,EICHERMOT.NS
TJI Auto OEM,FORCEMOT.NS
TJI Auto OEM,HEROMOTOCO.NS
TJI Auto OEM,HYUNDAI.NS
TJI Auto OEM,M&M.NS
TJI Auto OEM,MARUTI.NS
TJI Auto OEM,SMLMAH.NS
TJI Auto OEM,TMPV.NS
TJI Auto OEM,TVSMOTOR.NS
TJI Aviation,INDIGO.NS
TJI Aviation,SPICEJET.BO
TJI Banks,AXISBANK.NS
TJI Banks,BANKBARODA.NS
TJI Banks,BANKINDIA.NS
TJI Banks,CANBK.NS
TJI Banks,CENTRALBK.NS
TJI Banks,CUB.NS
TJI Banks,FEDERALBNK.NS
TJI Banks,HDFCBANK.NS
TJI Banks,ICICIBANK.NS
TJI Banks,IDBI.NS
TJI Banks,IDFCFIRSTB.NS
TJI Banks,INDIANB.NS
TJI Banks,INDUSINDBK.NS
TJI Banks,IOB.NS
TJI Banks,J&KBANK.NS
TJI Banks,KOTAKBANK.NS
TJI Banks,KTKBANK.NS
TJI Banks,MAHABANK.NS
TJI Banks,PNB.NS
TJI Banks,PSB.NS
TJI Banks,RBLBANK.NS
TJI Banks,SBIN.NS
TJI Banks,SOUTHBANK.NS
TJI Banks,UCOBANK.NS
TJI Banks,UNIONBANK.NS
TJI Banks,YESBANK.NS
TJI Batteries,ARE&M.NS
TJI Batteries,EVEREADY.NS
TJI Batteries,EXIDEIND.NS
TJI Batteries,HBLENGINE.NS
TJI Batteries,HIGHENE.BO
TJI Batteries,NIPPOBATRY.NS
TJI Batteries,PANAENERG.BO
TJI Bearings,BIMETAL.BO
TJI Bearings,GALXBRG.BO
TJI Bearings,MENONBE.NS
TJI Bearings,NRBBEARING.NS
TJI Bearings,SCHAEFFLER.NS
TJI Bearings,SKFINDIA.NS
TJI Bearings,SNL.BO
TJI Bearings,TIMKEN.NS
TJI Cement,ABREL.NS
TJI Cement,ACC.NS
TJI Cement,AMBUJACEM.NS
TJI Cement,BIRLACORPN.NS
TJI Cement,DALBHARAT.NS
TJI Cement,DALMIASUG.NS
TJI Cement,DECCANCE.NS
TJI Cement,GRASIM.NS
TJI Cement,HEIDELBERG.NS
TJI Cement,INDIACEM.NS
TJI Cement,JKCEMENT.NS
TJI Cement,JKLAKSHMI.NS
TJI Cement,KCP.NS
TJI Cement,KESORAMIND.NS
TJI Cement,MANGLMCEM.NS
TJI Cement,NCLIND.NS
TJI Cement,NUVOCO.NS
TJI Cement,ORIENTCEM.NS
TJI Cement,PRSMJOHNSN.NS
TJI Cement,RAIN.NS
TJI Cement,RAMCOCEM.NS
TJI Cement,SAGCEM.NS
TJI Cement,SHREECEM.NS
TJI Cement,STARCEMENT.NS
TJI Cement,ULTRACEMCO.NS
TJI Chemicals,AARTIIND.NS
TJI Chemicals,AKSHARCHEM.NS
TJI Chemicals,ALKYLAMINE.NS
TJI Chemicals,AMAL.BO
TJI Chemicals,AMNPLST.NS
TJI Chemicals,ANDHRAPET.BO
TJI Chemicals,APCOTEXIND.NS
TJI Chemicals,ARROWGREEN.NS
TJI Chemicals,ASAHISONG.NS
TJI Chemicals,ASTRAL.NS
TJI Chemicals,ATUL.NS
TJI Chemicals,BALAMINES.NS
TJI Chemicals,BASF.NS
TJI Chemicals,BEPL.NS
TJI Chemicals,BHAGCHEM.NS
TJI Chemicals,BHARATRAS.NS
TJI Chemicals,BODALCHEM.NS
TJI Chemicals,BOMOXY-B1.BO
TJI Chemicals,CAMLINFINE.NS
TJI Chemicals,CAPTRUST.BO
TJI Chemicals,CHAMBLFERT.NS
TJI Chemicals,CHEMBOND.BO
TJI Chemicals,CHEMFAB.NS
TJI Chemicals,COROMANDEL.NS
TJI Chemicals,COSMOFIRST.NS
TJI Chemicals,DCW.NS
TJI Chemicals,DEEPAKFERT.NS
TJI Chemicals,DEEPAKNTR.NS
TJI Chemicals,DHANUKA.NS
TJI Chemicals,DIAMINESQ.BO
TJI Chemicals,DMCC.NS
TJI Chemicals,DYNPRO.NS
TJI Chemicals,ELGIRUBCO.NS
TJI Chemicals,EMMBI.NS
TJI Chemicals,EPL.NS
TJI Chemicals,ESTER.NS
TJI Chemicals,EXCELINDUS.NS
TJI Chemicals,FACT.NS
TJI Chemicals,FCL.NS
TJI Chemicals,FIBERWEB.BO
TJI Chemicals,FINEORG.NS
TJI Chemicals,FINPIPE.NS
TJI Chemicals,FLUOROCHEM.NS
TJI Chemicals,GANESHBE.NS
TJI Chemicals,GARFIBRES.NS
TJI Chemicals,GENPHARMA.BO
TJI Chemicals,GHCL.NS
TJI Chemicals,GNFC.NS
TJI Chemicals,GOCLCORP.NS
TJI Chemicals,GRAUWEIL.NS
TJI Chemicals,GRPLTD.NS
TJI Chemicals,GSFC.NS
TJI Chemicals,GUJALKALI.NS
TJI Chemicals,GULPOLY.NS
TJI Chemicals,HITECHCORP.NS
TJI Chemicals,HOCL.BO
TJI Chemicals,HSCL.NS
TJI Chemicals,IGL.NS
TJI Chemicals,IGPL.NS
TJI Chemicals,INDOAMIN.NS
TJI Chemicals,INDOBORAX.BO
TJI Chemicals,INDTONER.BO
TJI Chemicals,INSECTICID.NS
TJI Chemicals,INTLCONV.BO
TJI Chemicals,IOLCP.NS
TJI Chemicals,JAGSNPHARM.BO
TJI Chemicals,JINDALPOLY.NS
TJI Chemicals,JISLJALEQS.NS
TJI Chemicals,KANORICHEM.NS
TJI Chemicals,KANPRPLA.NS
TJI Chemicals,KINGFA.NS
TJI Chemicals,KIRIINDUS.NS
TJI Chemicals,KISAN.BO
TJI Chemicals,KKALPANAIND.BO
TJI Chemicals,KOTHARIPET.NS
TJI Chemicals,KRITI.BO
TJI Chemicals,LINDEINDIA.NS
TJI Chemicals,LORDSCHLO.BO
TJI Chemicals,LXCHEM.NS
TJI Chemicals,MAHEPC.NS
TJI Chemicals,MANALIPETC.NS
TJI Chemicals,MANORG.BO
TJI Chemicals,MOL.NS
TJI Chemicals,MOLDTKPAC.NS
TJI Chemicals,MRPL.NS
TJI Chemicals,MULTIBASE.BO
TJI Chemicals,NACLIND.NS
TJI Chemicals,NAPEROL.BO
TJI Chemicals,NAVINFLUOR.NS
TJI Chemicals,NEOGEN.NS
TJI Chemicals,NILKAMAL.NS
TJI Chemicals,NOCIL.NS
TJI Chemicals,OAL.NS
TJI Chemicals,ORICONENT.NS
TJI Chemicals,ORIENTLTD.NS
TJI Chemicals,OSWALGREEN.NS
TJI Chemicals,PAUSHAKLTD.NS
TJI Chemicals,PCBL.NS
TJI Chemicals,PIDILITIND.NS
TJI Chemicals,PIIND.NS
TJI Chemicals,PIXTRANS.BO
TJI Chemicals,PLASTIBLEN.NS
TJI Chemicals,POLSON.BO
TJI Chemicals,POLYPLEX.NS
TJI Chemicals,PREMEXPLN.NS
TJI Chemicals,PRIMAPLA.BO
TJI Chemicals,PRIMO.NS
TJI Chemicals,PRIVISCL.NS
TJI Chemicals,PUNJABCHEM.NS
TJI Chemicals,RAJOOENG.BO
TJI Chemicals,RAMAPHO.BO
TJI Chemicals,RCF.NS
TJI Chemicals,RDBRL.BO
TJI Chemicals,RESPONIND.NS
TJI Chemicals,RUBFILA.BO
TJI Chemicals,SADHNANIQ.BO
TJI Chemicals,SHARDACROP.NS
TJI Chemicals,SHIVALIK.BO
TJI Chemicals,SHREEPUSHK.NS
TJI Chemicals,SIGACHI.NS
TJI Chemicals,SIGIND.NS
TJI Chemicals,SIL.BO
TJI Chemicals,SOLARINDS.NS
TJI Chemicals,SPIC.NS
TJI Chemicals,SRHHYPOLTD.NS
TJI Chemicals,STYRENIX.NS
TJI Chemicals,SUDARCOLOR.NS
TJI Chemicals,SUDARSCHEM.NS
TJI Chemicals,SUPREMEIND.NS
TJI Chemicals,TANFACIND.BO
TJI Chemicals,TATACHEM.NS
TJI Chemicals,TGVSL.BO
TJI Chemicals,TIMETECHNO.NS
TJI Chemicals,TIRUMALCHM.NS
TJI Chemicals,TNPETRO.NS
TJI Chemicals,TPLPLASTEH.NS
TJI Chemicals,TRANSPEK.BO
TJI Chemicals,UFLEX.NS
TJI Chemicals,VALIANTORG.BO
TJI Chemicals,VIDHIING.BO
TJI Chemicals,VIKASECO.NS
TJI Chemicals,VINATIORGA.NS
TJI Chemicals,VINYLINDIA.NS
TJI Chemicals,VISHNU.NS
TJI Chemicals,WORTHPERI.NS
TJI Chemicals,YASHO.BO
TJI Chemicals,ZUARIIND.NS
TJI City Gas,ATGL.NS
TJI City Gas,GUJENERGY.NS
TJI City Gas,IGL.NS
TJI City Gas,MGL.NS
TJI Communication Equipment,AKSHOPTFBR.NS
TJI Communication Equipment,AVANTEL.BO
TJI Communication Equipment,BIRLACABLE.NS
TJI Communication Equipment,DLINKINDIA.NS
TJI Communication Equipment,GTLINFRA.NS
TJI Communication Equipment,HFCL.NS
TJI Communication Equipment,INDUSTOWER.NS
TJI Communication Equipment,ITI.NS
TJI Communication Equipment,NELCO.NS
TJI Communication Equipment,STLTECH.NS
TJI Communication Equipment,TATACOMM.NS
TJI Communication Equipment,TEJASNET.NS
TJI Dairy Products,DODLA.NS
TJI Dairy Products,HATSUN.NS
TJI Dairy Products,HERITGFOOD.NS
TJI Dairy Products,KMGMILK.BO
TJI Dairy Products,MLKFOOD.BO
TJI Dairy Products,PARAGMILK.NS
TJI Dairy Products,SCPL.NS
TJI Dairy Products,VADILALIND.NS
TJI Dairy Products,VADILENT.BO
TJI Defence,APOLLO.NS
TJI Defence,ASTRAMICRO.NS
TJI Defence,AVANTEL.BO
TJI Defence,BDL.NS
TJI Defence,BEL.NS
TJI Defence,BEML.NS
TJI Defence,BHARATFORG.NS
TJI Defence,COCHINSHIP.NS
TJI Defence,DATAPATTNS.NS
TJI Defence,DYNAMATECH.NS
TJI Defence,GRSE.NS
TJI Defence,HAL.NS
TJI Defence,MAZDOCK.NS
TJI Defence,MIDHANI.NS
TJI Defence,MTARTECH.NS
TJI Defence,PARAS.NS
TJI Defence,SOLARINDS.NS
TJI Defence,ZENTEC.NS
TJI Diagnostic Chains,APOLLOHOSP.NS
TJI Diagnostic Chains,FORTIS.NS
TJI Diagnostic Chains,KRSNAA.NS
TJI Diagnostic Chains,LALPATHLAB.NS
TJI Diagnostic Chains,METROPOLIS.NS
TJI Diagnostic Chains,SURAKSHA.NS
TJI Diagnostic Chains,THYROCARE.NS
TJI Diagnostic Chains,VIJAYA.NS
TJI Dyes & Pigments,AKSHARCHEM.NS
TJI Dyes & Pigments,ASAHISONG.NS
TJI Dyes & Pigments,BHAGCHEM.NS
TJI Dyes & Pigments,CAMEXLTD.BO
TJI Dyes & Pigments,DYNAMIND.BO
TJI Dyes & Pigments,DYNPRO.NS
TJI Dyes & Pigments,GENPHARMA.BO
TJI Dyes & Pigments,INDTONER.BO
TJI Dyes & Pigments,ISHANCH.NS
TJI Dyes & Pigments,KIRIINDUS.NS
TJI Dyes & Pigments,PODDARMENT.NS
TJI Dyes & Pigments,SHREEPUSHK.NS
TJI Dyes & Pigments,SUDARSCHEM.NS
TJI Dyes & Pigments,VIDHIING.BO
TJI Dyes & Pigments,VIPULORG.BO
TJI Electrical Appliances,AMBER.NS
TJI Electrical Appliances,BAJAJELEC.NS
TJI Electrical Appliances,BLUESTARCO.NS
TJI Electrical Appliances,BOSCHLTD.NS
TJI Electrical Appliances,CROMPTON.NS
TJI Electrical Appliances,DIXON.NS
TJI Electrical Appliances,FINCABLES.NS
TJI Electrical Appliances,FORBESCO.BO
TJI Electrical Appliances,HAVELLS.NS
TJI Electrical Appliances,IFBIND.NS
TJI Electrical Appliances,ONIDA.NS
TJI Electrical Appliances,ORIENTELEC.NS
TJI Electrical Appliances,SYMPHONY.NS
TJI Electrical Appliances,VGUARD.NS
TJI Electrical Appliances,VOLTAS.NS
TJI Electrical Appliances,WHIRLPOOL.NS
TJI EMS,AMBER.NS
TJI EMS,AVALON.NS
TJI EMS,CENTUM.NS
TJI EMS,CYIENTDLM.NS
TJI EMS,DIXON.NS
TJI EMS,ELIN.NS
TJI EMS,EPACK.NS
TJI EMS,KAYNES.NS
TJI EMS,PGEL.NS
TJI EMS,SYRMA.NS
TJI EMS,VOEPL.NS
TJI Fertilizer,COROMANDEL.NS
TJI Fertilizer,FACT.NS
TJI Fertilizer,GNFC.NS
TJI Fertilizer,GSFC.NS
TJI Fertilizer,KSCL.NS
TJI Fertilizer,MRPL.NS
TJI Fertilizer,NFL.NS
TJI Fertilizer,RCF.NS
TJI Fertilizer,SHREEPUSHK.NS
TJI Fertilizer,SPIC.NS
TJI Fertilizer,ZUARI.NS
TJI FMCG,ADFFOODS.NS
TJI FMCG,BAJAJCON.NS
TJI FMCG,BBTC.NS
TJI FMCG,BRITANNIA.NS
TJI FMCG,COLPAL.NS
TJI FMCG,DABUR.NS
TJI FMCG,DIAMONDYD.NS
TJI FMCG,DODLA.NS
TJI FMCG,EMAMILTD.NS
TJI FMCG,FCONSUMER.NS
TJI FMCG,GODREJCP.NS
TJI FMCG,GODREJIND.NS
TJI FMCG,GOODRICKE.BO
TJI FMCG,HATSUN.NS
TJI FMCG,HINDUNILVR.NS
TJI FMCG,ITC.NS
TJI FMCG,JYOTHYLAB.NS
TJI FMCG,KRBL.NS
TJI FMCG,LTFOODS.NS
TJI FMCG,MARICO.NS
TJI FMCG,NESTLEIND.NS
TJI FMCG,PARAGMILK.NS
TJI FMCG,RELAXO.NS
TJI FMCG,SHK.NS
TJI FMCG,TATACONSUM.NS
TJI FMCG,ZYDUSWELL.NS
TJI General Insurance,ABCAPITAL.NS
TJI General Insurance,BAJAJFINSV.NS
TJI General Insurance,GICRE.NS
TJI General Insurance,GODIGIT.NS
TJI General Insurance,ICICIGI.NS
TJI General Insurance,NIACL.NS
TJI General Insurance,NIVABUPA.NS
TJI General Insurance,RELIGARE.NS
TJI General Insurance,STARHEALTH.NS
TJI Glass Products,ASAHIINDIA.NS
TJI Glass Products,BIL.BO
TJI Glass Products,BORORENEW.NS
TJI Glass Products,EMPIND.BO
TJI Glass Products,GMMPFAUDLR.NS
TJI Glass Products,HALDYNGL.NS
TJI Glass Products,LAOPALA.NS
TJI Glass Products,SEKURITIND.BO
TJI Glass Products,TRIVENIGQ.BO
TJI Holding Companies,BAJAJHLDNG.NS
TJI Holding Companies,BBTC.NS
TJI Holding Companies,BENGALASM.BO
TJI Holding Companies,BLIL.BO
TJI Holding Companies,EQUITASBNK.NS
TJI Holding Companies,JSWHL.NS
TJI Holding Companies,KAMAHOLD.NS
TJI Holding Companies,KICL.NS
TJI Holding Companies,MAHSCOOTER.NS
TJI Holding Companies,PILANIINVS.NS
TJI Holding Companies,RANEHOLDIN.NS
TJI Holding Companies,TAINWALCHM.NS
TJI Holding Companies,TATAINVEST.NS
TJI Holding Companies,TSFINV.NS
TJI Holding Companies,UJJIVANSFB.NS
TJI Home Finance,AADHARHFC.NS
TJI Home Finance,AAVAS.NS
TJI Home Finance,APTUS.NS
TJI Home Finance,CANFINHOME.NS
TJI Home Finance,GICHSGFIN.NS
TJI Home Finance,HOMEFIRST.NS
TJI Home Finance,HUDCO.NS
TJI Home Finance,INDIASHLTR.NS
TJI Home Finance,LICHSGFIN.NS
TJI Home Finance,PNBHOUSING.NS
TJI Home Finance,REPCOHOME.NS
TJI Home Finance,SAMMAANCAP.NS
TJI Home Finance,SRGHFL.NS
TJI Home Finance,STARTECK.BO
TJI Hospitality,DELTACORP.NS
TJI Hospitality,EIHAHOTELS.NS
TJI Hospitality,EIHOTEL.NS
TJI Hospitality,HLVLTD.NS
TJI Hospitality,INDHOTEL.NS
TJI Hospitality,JUNIPER.NS
TJI Hospitality,KAMATHOTEL.NS
TJI Hospitality,LEMONTREE.NS
TJI Hospitality,MHRIL.NS
TJI Hospitality,ORIENTHOT.NS
TJI Hospitality,PARKHOTELS.BO
TJI Hospitality,PRAVEG.BO
TJI Hospitality,SAMHI.NS
TJI Hospitality,SAYAJIHOTL.BO
TJI Hospitality,TAJGVK.NS
TJI Hospitals,AASHKA.BO
TJI Hospitals,APOLLOHOSP.NS
TJI Hospitals,ARTEMISMED.NS
TJI Hospitals,ASTERDM.NS
TJI Hospitals,DRAGARWQ.NS
TJI Hospitals,FORTIS.NS
TJI Hospitals,GPTHEALTH.NS
TJI Hospitals,HCG.NS
TJI Hospitals,INDRAMEDCO.NS
TJI Hospitals,JLHL.NS
TJI Hospitals,KIMS.NS
TJI Hospitals,KOVAI.BO
TJI Hospitals,MAITREYA-SM.NS
TJI Hospitals,MAXHEALTH.NS
TJI Hospitals,MEDANTA.NS
TJI Hospitals,NH.NS
TJI Hospitals,RAINBOW.NS
TJI Hospitals,SHALBY.NS
TJI Hospitals,YATHARTH.NS
TJI Infrastructure,A2ZINFRA.NS
TJI Infrastructure,AFCONS.NS
TJI Infrastructure,AGARIND.NS
TJI Infrastructure,AHLUCONT.NS
TJI Infrastructure,APEX.BO
TJI Infrastructure,ASHOKA.NS
TJI Infrastructure,ATLANTAA.NS
TJI Infrastructure,AVPINFRA-SM.NS
TJI Infrastructure,BAJEL.NS
TJI Infrastructure,BGRENERGY.NS
TJI Infrastructure,BRNL.NS
TJI Infrastructure,CEIGALL.NS
TJI Infrastructure,CEMPRO.NS
TJI Infrastructure,COROENGG.BO
TJI Infrastructure,DBL.NS
TJI Infrastructure,EFFWA-SM.NS
TJI Infrastructure,EIEL.NS
TJI Infrastructure,ENGINERSIN.NS
TJI Infrastructure,GANESHIN-SM.NS
TJI Infrastructure,GAYAPROJ.NS
TJI Infrastructure,GENCON.BO
TJI Infrastructure,GENSOL.NS
TJI Infrastructure,GPTINFRA.NS
TJI Infrastructure,GRINFRA.NS
TJI Infrastructure,GVPIL.NS
TJI Infrastructure,HGINFRA.NS
TJI Infrastructure,IL&FSENGG.BO
TJI Infrastructure,IRB.NS
TJI Infrastructure,ISGEC.NS
TJI Infrastructure,JKIL.NS
TJI Infrastructure,JYOTISTRUC.NS
TJI Infrastructure,K2INFRA-SM.NS
TJI Infrastructure,KCEIL-SM.NS
TJI Infrastructure,KEC.NS
TJI Infrastructure,KNRCON.NS
TJI Infrastructure,KPEL.NS
TJI Infrastructure,KPIGREEN.NS
TJI Infrastructure,KPIL.NS
TJI Infrastructure,LAKSHYA-SM.NS
TJI Infrastructure,LT.NS
TJI Infrastructure,MADHAV.BO
TJI Infrastructure,MANINFRA.NS
TJI Infrastructure,MARKOLINES.BO
TJI Infrastructure,MBLINFRA.NS
TJI Infrastructure,NCC.NS
TJI Infrastructure,ORIANA-SM.NS
TJI Infrastructure,PATELENG.NS
TJI Infrastructure,PNCINFRA.NS
TJI Infrastructure,POWERMECH.NS
TJI Infrastructure,RAJESH.BO
TJI Infrastructure,RAMKY.NS
TJI Infrastructure,RBMINFRA-SM.NS
TJI Infrastructure,REFEX.NS
TJI Infrastructure,RIIL.NS
TJI Infrastructure,RKEC.NS
TJI Infrastructure,RPPINFRA.NS
TJI Infrastructure,RVNL.NS
TJI Infrastructure,SADBHAV.NS
TJI Infrastructure,SADBHIN.NS
TJI Infrastructure,SEPC.NS
TJI Infrastructure,SIMPLEXINF.NS
TJI Infrastructure,SONUINFRA-SM.NS
TJI Infrastructure,SPMLINFRA.NS
TJI Infrastructure,SRM.NS
TJI Infrastructure,SWSOLAR.NS
TJI Infrastructure,TECHNOE.NS
TJI Infrastructure,TRANSRAILL.NS
TJI Infrastructure,VASCONEQ.NS
TJI Infrastructure,VIVIANA-SM.NS
TJI Infrastructure,VPRPL.NS
TJI Innerwear Manufacturers,DOLLAR.NS
TJI Innerwear Manufacturers,LOVABLE.NS
TJI Innerwear Manufacturers,LUXIND.NS
TJI Innerwear Manufacturers,PAGEIND.NS
TJI Innerwear Manufacturers,RUPA.NS
TJI Insurance,ABCAPITAL.NS
TJI Insurance,BAJAJFINSV.NS
TJI Insurance,HDFCLIFE.NS
TJI Insurance,ICICIPRULI.NS
TJI Insurance,LICI.NS
TJI Insurance,MFSL.NS
TJI Insurance,SBILIFE.NS
TJI IT - Product/Platform,AFFLE.NS
TJI IT - Product/Platform,AGSTRA.NS
TJI IT - Product/Platform,CARTRADE.NS
TJI IT - Product/Platform,CCAVENUE.NS
TJI IT - Product/Platform,DATAPATTNS.NS
TJI IT - Product/Platform,EASEMYTRIP.NS
TJI IT - Product/Platform,ETERNAL.BO
TJI IT - Product/Platform,INDIAMART.NS
TJI IT - Product/Platform,IRCTC.NS
TJI IT - Product/Platform,JUSTDIAL.NS
TJI IT - Product/Platform,LATENTVIEW.NS
TJI IT - Product/Platform,MAPMYINDIA.NS
TJI IT - Product/Platform,MATRIMONY.NS
TJI IT - Product/Platform,MEDPLUS.NS
TJI IT - Product/Platform,NAUKRI.NS
TJI IT - Product/Platform,NAZARA.NS
TJI IT - Product/Platform,NYKAA.NS
TJI IT - Product/Platform,PAYTM.NS
TJI IT - Product/Platform,POLICYBZR.NS
TJI IT - Product/Platform,ROUTE.NS
TJI IT Large Cap,HCLTECH.NS
TJI IT Large Cap,INFY.NS
TJI IT Large Cap,NAUKRI.NS
TJI IT Large Cap,TCS.NS
TJI IT Large Cap,TECHM.NS
TJI IT Large Cap,WIPRO.NS
TJI IT Mid Cap,CCAVENUE.NS
TJI IT Mid Cap,COFORGE.NS
TJI IT Mid Cap,INDIAMART.NS
TJI IT Mid Cap,LTIM.NS
TJI IT Mid Cap,MPHASIS.NS
TJI IT Mid Cap,OFSS.NS
TJI IT Mid Cap,PERSISTENT.NS
TJI IT Mid Cap,QUESS.NS
TJI IT Mid Cap,TATAELXSI.NS
TJI IT Mid Cap,TEAMLEASE.NS
TJI IT Small Cap,63MOONS.NS
TJI IT Small Cap,ACCELYA.NS
TJI IT Small Cap,AURUM.NS
TJI IT Small Cap,AXISCADES.NS
TJI IT Small Cap,BSOFT.NS
TJI IT Small Cap,CYIENT.NS
TJI IT Small Cap,DATAMATICS.NS
TJI IT Small Cap,ECLERX.NS
TJI IT Small Cap,EXPLEOSOL.NS
TJI IT Small Cap,FSL.NS
TJI IT Small Cap,HAPPSTMNDS.NS
TJI IT Small Cap,HCL-INSYS.NS
TJI IT Small Cap,HGS.NS
TJI IT Small Cap,INTELLECT.NS
TJI IT Small Cap,JUSTDIAL.NS
TJI IT Small Cap,KPITTECH.NS
TJI IT Small Cap,MASTEK.NS
TJI IT Small Cap,MATRIMONY.NS
TJI IT Small Cap,NEWGEN.NS
TJI IT Small Cap,NIITLTD.NS
TJI IT Small Cap,NUCLEUS.NS
TJI IT Small Cap,ONMOBILE.NS
TJI IT Small Cap,PFOCUS.NS
TJI IT Small Cap,QUICKHEAL.NS
TJI IT Small Cap,RAMCOSYS.NS
TJI IT Small Cap,SAKSOFT.NS
TJI IT Small Cap,SASKEN.NS
TJI IT Small Cap,SONATSOFTW.NS
TJI IT Small Cap,TAKE.NS
TJI IT Small Cap,VAKRANGEE.NS
TJI IT Small Cap,ZENTEC.NS
TJI IT/ITeS,3IINFOLTD.NS
TJI IT/ITeS,ACCELYA.NS
TJI IT/ITeS,AURUM.NS
TJI IT/ITeS,BSOFT.NS
TJI IT/ITeS,CYIENT.NS
TJI IT/ITeS,ECLERX.NS
TJI IT/ITeS,HCLTECH.NS
TJI IT/ITeS,INFY.NS
TJI IT/ITeS,LTIM.NS
TJI IT/ITeS,NUCLEUS.NS
TJI IT/ITeS,OFSS.NS
TJI IT/ITeS,PERSISTENT.NS
TJI IT/ITeS,QUICKHEAL.NS
TJI IT/ITeS,RAMCOSYS.NS
TJI IT/ITeS,TATAELXSI.NS
TJI IT/ITeS,TCS.NS
TJI IT/ITeS,TECHM.NS
TJI IT/ITeS,TEJASNET.NS
TJI IT/ITeS,WIPRO.NS
TJI IT/ITeS,ZENTEC.NS
TJI Jewellery,AGOL.BO
TJI Jewellery,ASTAR.NS
TJI Jewellery,EIGHTY.BO
TJI Jewellery,GARGI.BO
TJI Jewellery,GOLDIAM.NS
TJI Jewellery,IGIL.NS
TJI Jewellery,KALYANKJIL.NS
TJI Jewellery,KOURA.BO
TJI Jewellery,MOTISONS.NS
TJI Jewellery,MVGJL.NS
TJI Jewellery,PARSHVA.BO
TJI Jewellery,PCJEWELLER.NS
TJI Jewellery,PNGJL.NS
TJI Jewellery,RADHIKAJWE.NS
TJI Jewellery,RBZJEWEL.NS
TJI Jewellery,RGL.NS
TJI Jewellery,SENCO.NS
TJI Jewellery,SKYGOLD.NS
TJI Jewellery,TBZ.NS
TJI Jewellery,THANGAMAYL.NS
TJI Jewellery,TITAN.NS
TJI Jewellery,UDAYJEW.BO
TJI Jewellery,UTSSAV-SM.NS
TJI Jewellery,VAIBHAVGBL.NS
TJI Life Insurance,ABCAPITAL.NS
TJI Life Insurance,BAJAJFINSV.NS
TJI Life Insurance,GICRE.NS
TJI Life Insurance,GODIGIT.NS
TJI Life Insurance,HDFCLIFE.NS
TJI Life Insurance,ICICIGI.NS
TJI Life Insurance,ICICIPRULI.NS
TJI Life Insurance,IDBI.NS
TJI Life Insurance,LICI.NS
TJI Life Insurance,MEDIASSIST.NS
TJI Life Insurance,MFSL.NS
TJI Life Insurance,NIACL.NS
TJI Life Insurance,NIVABUPA.NS
TJI Life Insurance,SBILIFE.NS
TJI Life Insurance,STARHEALTH.NS
TJI Logistics,ADANIPORTS.NS
TJI Logistics,AEGISLOG.NS
TJI Logistics,ALLCARGO.NS
TJI Logistics,ALLCARGO.NS
TJI Logistics,BLUEDART.NS
TJI Logistics,CONCOR.NS
TJI Logistics,ESSARSHPNG.NS
TJI Logistics,GESHIP.NS
TJI Logistics,GPPL.NS
TJI Logistics,JSWINFRA.NS
TJI Logistics,MAHLOG.NS
TJI Logistics,NAVKARCORP.NS
TJI Logistics,SCI.NS
TJI Logistics,SEAMECLTD.NS
TJI Logistics,SICALLOG.NS
TJI Logistics,SNOWMAN.NS
TJI Logistics,TCI.NS
TJI Logistics,TCIEXP.NS
TJI Logistics,TRANSWORLD.NS
TJI Logistics,VRLLOG.NS
TJI Media & Entertainment,BALAJITELE.NS
TJI Media & Entertainment,DELTACORP.NS
TJI Media & Entertainment,ENIL.NS
TJI Media & Entertainment,EROSMEDIA.NS
TJI Media & Entertainment,MMWL.NS
TJI Media & Entertainment,NETWORK18.NS
TJI Media & Entertainment,PFOCUS.NS
TJI Media & Entertainment,RADIOCITY.NS
TJI Media & Entertainment,SAREGAMA.NS
TJI Media & Entertainment,SHEMAROO.NS
TJI Media & Entertainment,SUNTV.NS
TJI Media & Entertainment,TVTODAY.NS
TJI Media & Entertainment,UFO.NS
TJI Media & Entertainment,WONDERLA.NS
TJI Media & Entertainment,ZEEL.NS
TJI Media & Entertainment,ZEEMEDIA.NS
TJI Metal Pipes,APLAPOLLO.NS
TJI Metal Pipes,ELECTCAST.NS
TJI Metal Pipes,GANDHITUBE.NS
TJI Metal Pipes,JINDALSAW.NS
TJI Metal Pipes,MAHSEAMLES.NS
TJI Metal Pipes,MANINDS.NS
TJI Metal Pipes,RATNAMANI.NS
TJI Metal Pipes,SURYAROSNI.NS
TJI Metal Pipes,TIINDIA.NS
TJI Metal Pipes,WELCORP.NS
TJI Metals,HINDALCO.NS
TJI Metals,HINDCOPPER.NS
TJI Metals,HINDZINC.NS
TJI Metals,JINDALSTEL.NS
TJI Metals,JSL.NS
TJI Metals,JSWSTEEL.NS
TJI Metals,KIOCL.NS
TJI Metals,LLOYDSME.NS
TJI Metals,MOIL.NS
TJI Metals,NATIONALUM.NS
TJI Metals,NMDC.NS
TJI Metals,SAIL.NS
TJI Metals,SANDUMA.BO
TJI Metals,SARDAEN.NS
TJI Metals,SHYAMMETL.NS
TJI Metals,TATASTEEL.NS
TJI Metals,VEDL.NS
TJI Microfinance,ARMANFIN.NS
TJI Microfinance,CREDITACC.NS
TJI Microfinance,FUSION.NS
TJI Microfinance,MASFIN.NS
TJI Microfinance,MUTHOOTMF.NS
TJI Microfinance,SPANDANA.NS
TJI Microfinance,UJJIVANSFB.NS
TJI NBFC - Deposit Taking,BAJFINANCE.NS
TJI NBFC - Deposit Taking,CANFINHOME.NS
TJI NBFC - Deposit Taking,EQUITASBNK.NS
TJI NBFC - Deposit Taking,GICHSGFIN.NS
TJI NBFC - Deposit Taking,HDFCBANK.NS
TJI NBFC - Deposit Taking,HUDCO.NS
TJI NBFC - Deposit Taking,LICHSGFIN.NS
TJI NBFC - Deposit Taking,M&MFIN.NS
TJI NBFC - Deposit Taking,MUTHOOTCAP.NS
TJI NBFC - Deposit Taking,PNBHOUSING.NS
TJI NBFC - Deposit Taking,REPCOHOME.NS
TJI NBFC - Deposit Taking,SHRIRAMFIN.BO
TJI NBFC - Deposit Taking,SHRIRAMFIN.NS
TJI NBFC - Deposit Taking,SUNDARMFIN.NS
TJI NBFC - Deposit Taking,UJJIVANSFB.NS
TJI NBFC - Non Deposit Taking,ABCAPITAL.NS
TJI NBFC - Non Deposit Taking,APTUS.NS
TJI NBFC - Non Deposit Taking,CHOLAFIN.NS
TJI NBFC - Non Deposit Taking,EDELWEISS.NS
TJI NBFC - Non Deposit Taking,HOMEFIRST.NS
TJI NBFC - Non Deposit Taking,IFCI.NS
TJI NBFC - Non Deposit Taking,LTF.NS
TJI NBFC - Non Deposit Taking,MANAPPURAM.NS
TJI NBFC - Non Deposit Taking,MASFIN.NS
TJI NBFC - Non Deposit Taking,MOTILALOFS.NS
TJI NBFC - Non Deposit Taking,MUTHOOTFIN.NS
TJI NBFC - Non Deposit Taking,PFC.NS
TJI NBFC - Non Deposit Taking,POONAWALLA.NS
TJI NBFC - Non Deposit Taking,PTC.NS
TJI NBFC - Non Deposit Taking,RECLTD.NS
TJI NBFC - Non Deposit Taking,SAMMAANCAP.NS
TJI NBFC - Non Deposit Taking,TATAINVEST.NS
TJI NBFC - Non Deposit Taking,TFCILTD.NS
TJI Oil Refiners,BPCL.NS
TJI Oil Refiners,CHENNPETRO.NS
TJI Oil Refiners,HINDPETRO.NS
TJI Oil Refiners,IOC.NS
TJI Oil Refiners,MRPL.NS
TJI Oil Refiners,ONGC.NS
TJI Oil Refiners,RELIANCE.NS
TJI Packaged Meat,APEX.NS
TJI Packaged Meat,AVANTIFEED.NS
TJI Packaged Meat,IFBAGRO.NS
TJI Packaged Meat,TASTYBITE.NS
TJI Packaged Meat,VENKEYS.NS
TJI Packaged Meat,WATERBASE.BO
TJI Packaged Meat,ZEAL.BO
TJI Packaging and Containers,BALMLAWRIE.NS
TJI Packaging and Containers,BI.NS
TJI Packaging and Containers,EKC.NS
TJI Packaging and Containers,EMMBI.NS
TJI Packaging and Containers,EPL.NS
TJI Packaging and Containers,FLEXITUFF.NS
TJI Packaging and Containers,HITECHCORP.NS
TJI Packaging and Containers,HUHTAMAKI.NS
TJI Packaging and Containers,KAIRA.BO
TJI Packaging and Containers,KANPRPLA.NS
TJI Packaging and Containers,MOLDTKPAC.NS
TJI Packaging and Containers,ORICONENT.NS
TJI Packaging and Containers,TCPLPACK.NS
TJI Packaging and Containers,TIIL.NS
TJI Packaging and Containers,TPLPLASTEH.NS
TJI Packaging Films,COSMOFIRST.NS
TJI Packaging Films,ESTER.NS
TJI Packaging Films,GARFIBRES.NS
TJI Packaging Films,JINDALPOLY.NS
TJI Packaging Films,NAHARPOLY.NS
TJI Packaging Films,POLYPLEX.NS
TJI Packaging Films,SRF.NS
TJI Packaging Films,UFLEX.NS
TJI Paint Manufacturers,ASIANPAINT.NS
TJI Paint Manufacturers,BERGEPAINT.NS
TJI Paint Manufacturers,INDIGOPNTS.NS
TJI Paint Manufacturers,JSWDULUX.NS
TJI Paint Manufacturers,KANSAINER.NS
TJI Paint Manufacturers,MRF.NS
TJI Paint Manufacturers,SHALPAINTS.NS
TJI Paint Manufacturers,SIRCA.NS
TJI Paper & Board,ANDHRAPAP.NS
TJI Paper & Board,ITC.NS
TJI Paper & Board,JKPAPER.NS
TJI Paper & Board,KUANTUM.NS
TJI Paper & Board,NRAIL.NS
TJI Paper & Board,ORIENTPPR.NS
TJI Paper & Board,SESHAPAPER.NS
TJI Paper & Board,TNPL.NS
TJI Paper & Board,TRIDENT.NS
TJI Paper & Board,WSTCSTPAPR.NS
TJI Pharma,AARTIDRUGS.NS
TJI Pharma,ABBOTINDIA.NS
TJI Pharma,ADVENZYMES.NS
TJI Pharma,AJANTPHARM.NS
TJI Pharma,ALEMBICLTD.NS
TJI Pharma,ALKEM.NS
TJI Pharma,AMRUTANJAN.NS
TJI Pharma,APLLTD.NS
TJI Pharma,ASTRAZEN.NS
TJI Pharma,AUROPHARMA.NS
TJI Pharma,BIOCON.NS
TJI Pharma,BLISSGVS.NS
TJI Pharma,CAPLIPOINT.NS
TJI Pharma,CIPLA.NS
TJI Pharma,DCAL.NS
TJI Pharma,DIVISLAB.NS
TJI Pharma,DRREDDY.NS
TJI Pharma,ERIS.NS
TJI Pharma,FDC.NS
TJI Pharma,FERMENTA.BO
TJI Pharma,GLAND.NS
TJI Pharma,GLAXO.NS
TJI Pharma,GLENMARK.NS
TJI Pharma,GRANULES.NS
TJI Pharma,GUFICBIO.NS
TJI Pharma,HESTERBIO.NS
TJI Pharma,HIKAL.NS
TJI Pharma,INDOCO.NS
TJI Pharma,IOLCP.NS
TJI Pharma,IPCALAB.NS
TJI Pharma,JBCHEPHARM.NS
TJI Pharma,JUBLPHARMA.NS
TJI Pharma,LAURUSLABS.NS
TJI Pharma,LINCOLN.NS
TJI Pharma,LUPIN.NS
TJI Pharma,MARKSANS.NS
TJI Pharma,MOREPENLAB.NS
TJI Pharma,NATCOPHARM.NS
TJI Pharma,NECLIFE.NS
TJI Pharma,NEULANDLAB.NS
TJI Pharma,PANACEABIO.NS
TJI Pharma,PFIZER.NS
TJI Pharma,PPLPHARMA.NS
TJI Pharma,SHILPAMED.NS
TJI Pharma,SMSPHARMA.NS
TJI Pharma,SPARC.NS
TJI Pharma,STAR.NS
TJI Pharma,SUNPHARMA.NS
TJI Pharma,SUVEN.NS
TJI Pharma,TORNTPHARM.NS
TJI Pharma,TTKHLTCARE.NS
TJI Pharma,UNICHEMLAB.NS
TJI Pharma,VIMTALABS.NS
TJI Pharma,VIYASH.NS
TJI Pharma,WOCKPHARMA.NS
TJI Pharma,ZYDUSLIFE.NS
TJI Pharma - API & CRAMS,AARTIDRUGS.NS
TJI Pharma - API & CRAMS,ACUTAAS.NS
TJI Pharma - API & CRAMS,ALIVUS.NS
TJI Pharma - API & CRAMS,BLUEJET.NS
TJI Pharma - API & CRAMS,COHANCE.BO
TJI Pharma - API & CRAMS,CONCORDBIO.NS
TJI Pharma - API & CRAMS,DCAL.NS
TJI Pharma - API & CRAMS,DIVISLAB.NS
TJI Pharma - API & CRAMS,GLAND.NS
TJI Pharma - API & CRAMS,GRANULES.NS
TJI Pharma - API & CRAMS,HIKAL.NS
TJI Pharma - API & CRAMS,IOLCP.NS
TJI Pharma - API & CRAMS,JUBLPHARMA.NS
TJI Pharma - API & CRAMS,LAURUSLABS.NS
TJI Pharma - API & CRAMS,MOREPENLAB.NS
TJI Pharma - API & CRAMS,NEULANDLAB.NS
TJI Pharma - API & CRAMS,SAILIFE.BO
TJI Pharma - API & CRAMS,SHILPAMED.NS
TJI Pharma - API & CRAMS,SMSPHARMA.NS
TJI Pharma - API & CRAMS,SOLARA.NS
TJI Pharma - API & CRAMS,SUPRIYA.NS
TJI Pharma - API & CRAMS,SYNGENE.NS
TJI Pharma - API & CRAMS,VIVIMEDLAB.NS
TJI Pharma - API & CRAMS,VIYASH.NS
TJI Pharma - Small Cap,AARTIDRUGS.NS
TJI Pharma - Small Cap,ALBERTDAVD.NS
TJI Pharma - Small Cap,AMRUTANJAN.NS
TJI Pharma - Small Cap,ANUHPHR.BO
TJI Pharma - Small Cap,ASTRAZEN.NS
TJI Pharma - Small Cap,BAJAJHCARE.NS
TJI Pharma - Small Cap,BALPHARMA.NS
TJI Pharma - Small Cap,BPLPHARMA.BO
TJI Pharma - Small Cap,CAPLIPOINT.NS
TJI Pharma - Small Cap,CORALAB.BO
TJI Pharma - Small Cap,DCAL.NS
TJI Pharma - Small Cap,ERIS.NS
TJI Pharma - Small Cap,EVERESTO.BO
TJI Pharma - Small Cap,FDC.NS
TJI Pharma - Small Cap,FREDUN.BO
TJI Pharma - Small Cap,GRANULES.NS
TJI Pharma - Small Cap,GUFICBIO.NS
TJI Pharma - Small Cap,HALEOSLABS.NS
TJI Pharma - Small Cap,HESTERBIO.NS
TJI Pharma - Small Cap,INDOCO.NS
TJI Pharma - Small Cap,INDSWFTLAB.NS
TJI Pharma - Small Cap,JBCHEPHARM.NS
TJI Pharma - Small Cap,KOPRAN.NS
TJI Pharma - Small Cap,LAURUSLABS.NS
TJI Pharma - Small Cap,MARKSANS.NS
TJI Pharma - Small Cap,MEDICAMEQ.BO
TJI Pharma - Small Cap,MOREPENLAB.NS
TJI Pharma - Small Cap,NECLIFE.NS
TJI Pharma - Small Cap,NEULANDLAB.NS
TJI Pharma - Small Cap,NGLFINE.BO
TJI Pharma - Small Cap,NOVARTIND.NS
TJI Pharma - Small Cap,NURECA.NS
TJI Pharma - Small Cap,PANACEABIO.NS
TJI Pharma - Small Cap,PREVEST.BO
TJI Pharma - Small Cap,RPGLIFE.NS
TJI Pharma - Small Cap,SHILPAMED.NS
TJI Pharma - Small Cap,SMSPHARMA.NS
TJI Pharma - Small Cap,SPARC.NS
TJI Pharma - Small Cap,STAR.NS
TJI Pharma - Small Cap,SUVEN.NS
TJI Pharma - Small Cap,THEMISMED.NS
TJI Pharma - Small Cap,TTKHLTCARE.NS
TJI Pharma - Small Cap,UNICHEMLAB.NS
TJI Pharma - Small Cap,VIVIMEDLAB.NS
TJI Pharma - Small Cap,VIYASH.NS
TJI Pharma - Small Cap,WINDLAS.NS
TJI Pharma - Small Cap,WOCKPHARMA.NS
TJI Pharma - Small Cap,ZENOTECH.BO
TJI Pharma - Small Cap,ZIMLAB.BO
TJI Pipe Manufacturers,APLAPOLLO.NS
TJI Pipe Manufacturers,ASTRAL.NS
TJI Pipe Manufacturers,ELECTCAST.NS
TJI Pipe Manufacturers,FINPIPE.NS
TJI Pipe Manufacturers,GANDHITUBE.NS
TJI Pipe Manufacturers,JINDALSAW.NS
TJI Pipe Manufacturers,JISLJALEQS.NS
TJI Pipe Manufacturers,MAHSEAMLES.NS
TJI Pipe Manufacturers,MANINDS.NS
TJI Pipe Manufacturers,PRAKASH.NS
TJI Pipe Manufacturers,RATNAMANI.NS
TJI Pipe Manufacturers,SKIPPER.NS
TJI Pipe Manufacturers,SUPREMEIND.NS
TJI Pipe Manufacturers,SURYAROSNI.NS
TJI Pipe Manufacturers,TIINDIA.NS
TJI Pipe Manufacturers,WELCORP.NS
TJI Plastic Pipes,ASTRAL.NS
TJI Plastic Pipes,FINPIPE.NS
TJI Plastic Pipes,JISLJALEQS.NS
TJI Plastic Pipes,PPL.NS
TJI Plastic Pipes,PRAKASH.NS
TJI Plastic Pipes,PRINCEPIPE.NS
TJI Plastic Pipes,SKIPPER.NS
TJI Plastic Pipes,SUPREMEIND.NS
TJI Plywood,ARCHIDPLY.NS
TJI Plywood,CENTURYPLY.NS
TJI Plywood,GREENLAM.NS
TJI Plywood,GREENPANEL.NS
TJI Plywood,GREENPLY.NS
TJI Plywood,RUSHIL.NS
TJI Plywood,UNIPLY.BO
TJI Polymers,DCMSHRIRAM.NS
TJI Polymers,DCW.NS
TJI Polymers,DVL.NS
TJI Polymers,FINPIPE.NS
TJI Polymers,GAIL.NS
TJI Polymers,HINDPETRO.NS
TJI Polymers,IOC.NS
TJI Polymers,JBFIND.BO
TJI Polymers,MRPL.NS
TJI Polymers,OIL.NS
TJI Polymers,ONGC.NS
TJI Polymers,POLYLINK.BO
TJI Polymers,RELIANCE.NS
TJI Polymers,SPLPETRO.NS
TJI Polymers,STYRENIX.NS
TJI Power,DPSCLTD.NS
TJI Power,GIPCL.NS
TJI Power,GMDCLTD.NS
TJI Power,JPPOWER.NS
TJI Power,JSWENERGY.NS
TJI Power,NLCINDIA.NS
TJI Power,NTPC.NS
TJI Power,RPOWER.NS
TJI Power,SJVN.NS
TJI Power,TATAPOWER.NS
TJI Power,TORNTPOWER.NS
TJI Private Bank,AXISBANK.NS
TJI Private Bank,FEDERALBNK.NS
TJI Private Bank,HDFCBANK.NS
TJI Private Bank,ICICIBANK.NS
TJI Private Bank,IDFCFIRSTB.NS
TJI Private Bank,INDUSINDBK.NS
TJI Private Bank,KOTAKBANK.NS
TJI Private Bank,RBLBANK.NS
TJI Private Bank,SOUTHBANK.NS
TJI Private Bank,YESBANK.NS
TJI PSU,ANDREWYU.BO
TJI PSU,BALMLAWRIE.NS
TJI PSU,BANKBARODA.NS
TJI PSU,BANKINDIA.NS
TJI PSU,BDL.NS
TJI PSU,BEL.NS
TJI PSU,BEML.NS
TJI PSU,BHEL.NS
TJI PSU,BIRLANU.BO
TJI PSU,CANBK.NS
TJI PSU,CENTRALBK.NS
TJI PSU,CHENNPETRO.NS
TJI PSU,COALINDIA.NS
TJI PSU,COCHINSHIP.NS
TJI PSU,CONCOR.NS
TJI PSU,DREDGECORP.NS
TJI PSU,ENGINERSIN.NS
TJI PSU,FACT.NS
TJI PSU,GAIL.NS
TJI PSU,HAL.NS
TJI PSU,HINDCOPPER.NS
TJI PSU,HMT.NS
TJI PSU,HUDCO.NS
TJI PSU,IDBI.NS
TJI PSU,INDIANB.NS
TJI PSU,IOB.NS
TJI PSU,ITDC.NS
TJI PSU,ITI.NS
TJI PSU,J&KBANK.NS
TJI PSU,KIOCL.NS
TJI PSU,MAHABANK.NS
TJI PSU,MIDHANI.NS
TJI PSU,MMTC.NS
TJI PSU,MOIL.NS
TJI PSU,MRPL.NS
TJI PSU,MTNL.NS
TJI PSU,NBCC.NS
TJI PSU,NFL.NS
TJI PSU,NHPC.NS
TJI PSU,NLCINDIA.NS
TJI PSU,NMDC.NS
TJI PSU,NTPC.NS
TJI PSU,OIL.NS
TJI PSU,ONGC.NS
TJI PSU,PNB.NS
TJI PSU,PNBGILTS.NS
TJI PSU,POWERGRID.NS
TJI PSU,PSB.NS
TJI PSU,RCF.NS
TJI PSU,RECLTD.NS
TJI PSU,RITES.NS
TJI PSU,SAIL.NS
TJI PSU,SBIN.NS
TJI PSU,SJVN.NS
TJI PSU,UCOBANK.NS
TJI PSU,UNIONBANK.NS
TJI Public Bank,BANKBARODA.NS
TJI Public Bank,BANKINDIA.NS
TJI Public Bank,CANBK.NS
TJI Public Bank,CENTRALBK.NS
TJI Public Bank,CUB.NS
TJI Public Bank,IDBI.NS
TJI Public Bank,INDIANB.NS
TJI Public Bank,IOB.NS
TJI Public Bank,J&KBANK.NS
TJI Public Bank,KTKBANK.NS
TJI Public Bank,MAHABANK.NS
TJI Public Bank,PNB.NS
TJI Public Bank,PSB.NS
TJI Public Bank,SBIN.NS
TJI Public Bank,UCOBANK.NS
TJI Public Bank,UNIONBANK.NS
TJI QSR,COFFEEDAY.NS
TJI QSR,DEVYANI.NS
TJI QSR,JUBLFOOD.NS
TJI QSR,RBA.NS
TJI QSR,SAPPHIRE.NS
TJI QSR,SPECIALITY.NS
TJI QSR,WESTLIFE.NS
TJI Railways,HBLENGINE.NS
TJI Railways,IRCON.NS
TJI Railways,IRFC.NS
TJI Railways,JWL.NS
TJI Railways,KEC.NS
TJI Railways,RAILTEL.NS
TJI Railways,RITES.NS
TJI Railways,RVNL.NS
TJI Railways,TEXRAIL.NS
TJI Railways,TITAGARH.NS
TJI Rating Agencies,CARERATING.NS
TJI Rating Agencies,CRISIL.NS
TJI Rating Agencies,ICRA.NS
TJI Real Estate,ANANTRAJ.NS
TJI Real Estate,ASHIANA.NS
TJI Real Estate,BLKASHYAP.NS
TJI Real Estate,BRIGADE.NS
TJI Real Estate,CAPACITE.NS
TJI Real Estate,DLF.NS
TJI Real Estate,EMBASSY.NS
TJI Real Estate,GODREJPROP.NS
TJI Real Estate,HDIL.BO
TJI Real Estate,KOLTEPATIL.NS
TJI Real Estate,LODHA.NS
TJI Real Estate,MAHLIFE.NS
TJI Real Estate,NCC.NS
TJI Real Estate,OBEROIRLTY.NS
TJI Real Estate,OMAXE.NS
TJI Real Estate,PHOENIXLTD.NS
TJI Real Estate,PRESTIGE.NS
TJI Real Estate,PSPPROJECT.NS
TJI Real Estate,PURVA.NS
TJI Real Estate,SHRIRAMPPS.NS
TJI Real Estate,SOBHA.NS
TJI Real Estate,SUNTECK.NS
TJI Real Estate,TEXINFRA.NS
TJI Real Estate,VIPULLTD.NS
TJI Recycling,AWHCL.NS
TJI Recycling,CEREBRAINT.NS
TJI Recycling,ECORECO.BO
TJI Recycling,ELGIRUBCO.NS
TJI Recycling,FELIX-SM.NS
TJI Recycling,GANECOS.NS
TJI Recycling,GRAVITA.NS
TJI Recycling,GRPLTD.NS
TJI Recycling,HRYNSHP.BO
TJI Recycling,INDAG.BO
TJI Recycling,IONEXCHANG.NS
TJI Recycling,NILE.BO
TJI Recycling,NRL.NS
TJI Recycling,POCL.NS
TJI Recycling,RACE.BO
TJI Recycling,TINNARUBR.NS
TJI Recycling,URBAN-SM.NS
TJI Recycling,WABAG.NS
TJI Refractories,IFGLEXPOR.NS
TJI Refractories,NILACHAL.BO
TJI Refractories,RHIM.NS
TJI Refractories,VESUVIUS.NS
TJI Retail Chains,ABFRL.NS
TJI Retail Chains,CESC.NS
TJI Retail Chains,DMART.NS
TJI Retail Chains,FRETAIL.NS
TJI Retail Chains,KALYANKJIL.NS
TJI Retail Chains,METROBRAND.NS
TJI Retail Chains,PRAXIS.NS
TJI Retail Chains,RELIANCE.NS
TJI Retail Chains,SHOPERSTOP.NS
TJI Retail Chains,TITAN.NS
TJI Retail Chains,TRENT.NS
TJI Retail Chains,V2RETAIL.NS
TJI Retail Chains,VIPIND.NS
TJI Retail Chains,VMART.NS
TJI Solar Panel Mfg,ALPEXSOLAR-SM.NS
TJI Solar Panel Mfg,APS-SM.NS
TJI Solar Panel Mfg,INA.BO
TJI Solar Panel Mfg,PREMIERENE.NS
TJI Solar Panel Mfg,REFEX.NS
TJI Solar Panel Mfg,SOLEX.NS
TJI Solar Panel Mfg,SWELECTES.NS
TJI Solar Panel Mfg,WAAREEENER.NS
TJI Solar Panel Mfg,WEBELSOLAR.NS
TJI Speciality Chemicals,AARTIIND.NS
TJI Speciality Chemicals,ALKYLAMINE.NS
TJI Speciality Chemicals,AMAL.BO
TJI Speciality Chemicals,ANURAS.NS
TJI Speciality Chemicals,APCOTEXIND.NS
TJI Speciality Chemicals,ATUL.NS
TJI Speciality Chemicals,BALAMINES.NS
TJI Speciality Chemicals,BLACKROSE.BO
TJI Speciality Chemicals,CAMLINFINE.NS
TJI Speciality Chemicals,CHEMBOND.BO
TJI Speciality Chemicals,CHEMCRUX.BO
TJI Speciality Chemicals,CLEAN.NS
TJI Speciality Chemicals,COCHINM.BO
TJI Speciality Chemicals,DAICHI.NS
TJI Speciality Chemicals,DAIKAFFI.BO
TJI Speciality Chemicals,DMCC.NS
TJI Speciality Chemicals,FCL.NS
TJI Speciality Chemicals,FOSECOIND.NS
TJI Speciality Chemicals,GFLLIMITED.NS
TJI Speciality Chemicals,GHCL.NS
TJI Speciality Chemicals,HARDCAS.BO
TJI Speciality Chemicals,IGPL.NS
TJI Speciality Chemicals,INDGELA.BO
TJI Speciality Chemicals,INDOAMIN.NS
TJI Speciality Chemicals,INDOKEM.BO
TJI Speciality Chemicals,JYOTIRES.BO
TJI Speciality Chemicals,KANORICHEM.NS
TJI Speciality Chemicals,KEMISTAR.BO
TJI Speciality Chemicals,MANALIPETC.NS
TJI Speciality Chemicals,MULTIBASE.BO
TJI Speciality Chemicals,NAVINFLUOR.NS
TJI Speciality Chemicals,NEOGEN.NS
TJI Speciality Chemicals,NITTAGELA.BO
TJI Speciality Chemicals,OMKARCHEM.BO
TJI Speciality Chemicals,PAUSHAKLTD.NS
TJI Speciality Chemicals,PLASTIBLEN.NS
TJI Speciality Chemicals,POLSON.BO
TJI Speciality Chemicals,PRIVISCL.NS
TJI Speciality Chemicals,SEYAIND.BO
TJI Speciality Chemicals,SHAWGELTIN.BO
TJI Speciality Chemicals,SPLPETRO.NS
TJI Speciality Chemicals,SUDARCOLOR.NS
TJI Speciality Chemicals,TATVA.NS
TJI Speciality Chemicals,TINNARUBR.NS
TJI Speciality Chemicals,VIKASWSP.BO
TJI Speciality Chemicals,VINATIORGA.NS
TJI Speciality Chemicals,VINYLINDIA.NS
TJI Speciality Chemicals,YASHCHEM.BO
TJI Sugar,ANDHRSUGAR.NS
TJI Sugar,BAJAJHIND.NS
TJI Sugar,BALRAMCHIN.NS
TJI Sugar,BANARISUG.NS
TJI Sugar,DALMIASUG.NS
TJI Sugar,DCMSHRIRAM.NS
TJI Sugar,DHAMPURSUG.NS
TJI Sugar,DWARKESH.NS
TJI Sugar,EIDPARRY.NS
TJI Sugar,RENUKA.NS
TJI Sugar,TRIVENI.NS
TJI Telecom,BHARTIARTL.NS
TJI Telecom,IDEA.NS
TJI Telecom,MTNL.NS
TJI Telecom,RELIANCE.NS
TJI Telecom,TATACOMM.NS
TJI Textiles,AMBIKCO.NS
TJI Textiles,ARVIND.NS
TJI Textiles,BOMDYEING.NS
TJI Textiles,CENTENKA.NS
TJI Textiles,CHEVIOT.BO
TJI Textiles,DOLLAR.NS
TJI Textiles,FILATEX.NS
TJI Textiles,GANECOS.NS
TJI Textiles,GARFIBRES.NS
TJI Textiles,GOCOLORS.NS
TJI Textiles,HIMATSEIDE.NS
TJI Textiles,ICIL.NS
TJI Textiles,INDTERRAIN.NS
TJI Textiles,JINDWORLD.NS
TJI Textiles,KITEX.NS
TJI Textiles,KKCL.NS
TJI Textiles,KPRMILL.NS
TJI Textiles,LUXIND.NS
TJI Textiles,MONTECARLO.NS
TJI Textiles,PAGEIND.NS
TJI Textiles,PDSL.NS
TJI Textiles,RAJPALAYAM.NS
TJI Textiles,RAYMOND.NS
TJI Textiles,RSWM.NS
TJI Textiles,RUBYMILLS.NS
TJI Textiles,RUPA.NS
TJI Textiles,SFL.NS
TJI Textiles,SIYSIL.NS
TJI Textiles,SPAL.NS
TJI Textiles,SUTLEJTEX.NS
TJI Textiles,TRIDENT.NS
TJI Textiles,VISHAL.BO
TJI Textiles,VTL.NS
TJI Textiles,WELSPUNLIV.NS
TJI Tiles,ASIANTILES.NS
TJI Tiles,CERA.NS
TJI Tiles,EXXARO.NS
TJI Tiles,KAJARIACER.NS
TJI Tiles,ORIENTBELL.NS
TJI Tiles,SOMANYCERA.NS
TJI Transformers,AKANKSHA-SM.NS
TJI Transformers,ALFATRAN.BO
TJI Transformers,BBL.NS
TJI Transformers,INDOTECH.NS
TJI Transformers,MARSONS.BO
TJI Transformers,SHILCTECH.NS
TJI Transformers,STARDELTA.BO
TJI Transformers,SUPREMEPWR-SM.NS
TJI Transformers,TARIL.BO
TJI Transformers,VOLTAMP.NS
TJI Tyre,APOLLOTYRE.NS
TJI Tyre,BALKRISIND.NS
TJI Tyre,CEATLTD.NS
TJI Tyre,GOODYEAR.NS
TJI Tyre,JKTYRE.NS
TJI Tyre,KESORAMIND.NS
TJI Tyre,KROSS.NS
TJI Tyre,MRF.NS
TJI Tyre,TVSSRICHAK.NS
TJI Upstream,ANTELOPUS.NS
TJI Upstream,HINDOILEXP.NS
TJI Upstream,OIL.NS
TJI Upstream,ONGC.NS
TJI Upstream,RELIANCE.NS
TJI Wires & Cables,BIRLACABLE.NS
TJI Wires & Cables,CORDSCABLE.NS
TJI Wires & Cables,DYNAMIC.NS
TJI Wires & Cables,FINCABLES.NS
TJI Wires & Cables,HAVELLS.NS
TJI Wires & Cables,KEI.NS
TJI Wires & Cables,PLAZACABLE.NS
TJI Wires & Cables,POLYCAB.NS
TJI Wires & Cables,PRECWIRE.NS
TJI Wires & Cables,RAMRAT.NS
TJI Wires & Cables,RRKABEL.NS
TJI Wires & Cables,UNIVCABLES.NS
TJI Yarn,ALOKINDS.NS
TJI Yarn,AMARJOTHI.BO
TJI Yarn,APMIN.BO
TJI Yarn,AYMSYNTEX.NS
TJI Yarn,DAMODARIND.BO
TJI Yarn,DCM.NS
TJI Yarn,EUROTEXIND.BO
TJI Yarn,FILATEX.NS
TJI Yarn,GEMSPIN.BO
TJI Yarn,GTNINDS.BO
TJI Yarn,GTNTEX.BO
TJI Yarn,INDORAMA.NS
TJI Yarn,JAYTEX.BO
TJI Yarn,JBFIND.BO
TJI Yarn,KANDAGIRI.BO
TJI Yarn,LAHOTIOV.BO
TJI Yarn,LAKSHMIMIL.BO
TJI Yarn,LAMBODHARA.NS
TJI Yarn,MIDINDIA.BO
TJI Yarn,MOHITIND.BO
TJI Yarn,NAGREEKEXP.NS
TJI Yarn,NAHARINDUS.NS
TJI Yarn,NITINSPIN.NS
TJI Yarn,PATSPINLTD.BO
TJI Yarn,PBMPOLY.BO
TJI Yarn,PIONEEREMB.NS
TJI Yarn,PRAGBOS.BO
TJI Yarn,RAJPALAYAM.NS
TJI Yarn,RSWM.NS
TJI Yarn,SAMBANDAM.BO
TJI Yarn,SANGAMIND.NS
TJI Yarn,SHEKHAWATI.BO
TJI Yarn,SHIVATEX.NS
TJI Yarn,SHRAJSYNQ.BO
TJI Yarn,SPORTKING.NS
TJI Yarn,SUPERSPIN.NS
TJI Yarn,SURYALA.NS
TJI Yarn,SURYVANSP.BO
TJI Yarn,SUTLEJTEX.NS
TJI Yarn,VARDMNPOLY.NS
TJI Yarn,VTL.NS
TJI Yarn,WINSOMTX.BO