date,regime,method,ticker,composite_score,monthly_return
2024-07,Bull,mvo_sample,COCHINSHIP,0.9478,-27.9946
2024-07,Bull,mvo_sample,IRCON,0.9418,-9.5758
2024-07,Bull,mvo_sample,SOLARINDS,0.9413,-0.5045
2024-07,Bull,mvo_sample,SJVN,0.9341,-10.1839
2024-07,Bull,mvo_sample,RECLTD,0.9148,-3.2224
2024-07,Bull,mvo_sample,NETWEB,0.9093,17.9898
2024-07,Bull,mvo_sample,COALINDIA,0.9088,1.5325
2024-07,Bull,mvo_sample,ITI,0.9067,-1.4233
2024-07,Bull,mvo_sample,MCX,0.9058,20.8197
2024-07,Bull,mvo_sample,IFCI,0.9054,-14.199
2024-07,Bull,mvo_sample,BEL,0.9037,-5.0433
2024-07,Bull,mvo_sample,TRENT,0.9024,22.6023
2024-07,Bull,mvo_sample,BSE,0.899,10.804
2024-07,Bull,mvo_sample,ADANIPOWER,0.8982,-13.9424
2024-07,Bull,mvo_sample,HAL,0.8968,-4.6725
2024-07,Bull,mvo_sample,HINDZINC,0.8968,-19.7212
2024-07,Bull,mvo_sample,IOB,0.896,-8.8905
2024-07,Bull,mvo_sample,NMDC,0.8951,-7.8432
2024-07,Bull,mvo_sample,TORNTPOWER,0.8925,-6.5874
2024-07,Bull,mvo_sample,RVNL,0.8866,0.9809
2024-08,Bull,mvo_sample,MCX,0.9502,9.357
2024-08,Bull,mvo_sample,COCHINSHIP,0.9469,-7.6419
2024-08,Bull,mvo_sample,OFSS,0.9394,4.2771
2024-08,Bull,mvo_sample,TATAINVEST,0.9375,-6.5251
2024-08,Bull,mvo_sample,NETWEB,0.9307,-7.4115
2024-08,Bull,mvo_sample,BEL,0.9244,-4.7444
2024-08,Bull,mvo_sample,HAL,0.9238,-5.5407
2024-08,Bull,mvo_sample,TORNTPOWER,0.9192,7.7144
2024-08,Bull,mvo_sample,TRENT,0.919,5.8097
2024-08,Bull,mvo_sample,IRCON,0.9173,-12.2512
2024-08,Bull,mvo_sample,ITI,0.9137,-15.8819
2024-08,Bull,mvo_sample,BDL,0.9082,-10.902
2024-08,Bull,mvo_sample,IFCI,0.905,-11.7843
2024-08,Bull,mvo_sample,PRESTIGE,0.9002,1.868
2024-08,Bull,mvo_sample,HINDZINC,0.8993,4.3435
2024-08,Bull,mvo_sample,COALINDIA,0.8957,-2.8193
2024-08,Bull,mvo_sample,CHENNPETRO,0.8911,-4.1983
2024-08,Bull,mvo_sample,RVNL,0.8897,-12.1636
2024-08,Bull,mvo_sample,SJVN,0.8884,-0.1375
2024-08,Bull,mvo_sample,AEGISLOG,0.8879,1.5081
2024-09,Bull,mvo_sample,BASF,0.9518,3.6959
2024-09,Bull,mvo_sample,OFSS,0.9464,-4.9936
2024-09,Bull,mvo_sample,COCHINSHIP,0.9446,-13.9713
2024-09,Bull,mvo_sample,TORNTPOWER,0.9423,-2.9952
2024-09,Bull,mvo_sample,SOLARINDS,0.9297,-11.2738
2024-09,Bull,mvo_sample,BEL,0.9206,-0.0702
2024-09,Bull,mvo_sample,TRENT,0.9197,-5.892
2024-09,Bull,mvo_sample,NETWEB,0.9167,7.0662
2024-09,Bull,mvo_sample,HAL,0.9141,-3.9349
2024-09,Bull,mvo_sample,INDUSTOWER,0.9082,-13.2467
2024-09,Bull,mvo_sample,BDL,0.9066,-6.4396
2024-09,Bull,mvo_sample,HINDPETRO,0.906,-13.5399
2024-09,Bull,mvo_sample,HINDZINC,0.9032,5.8756
2024-09,Bull,mvo_sample,MCX,0.8995,15.1158
2024-09,Bull,mvo_sample,IFCI,0.8979,-12.6172
2024-09,Bull,mvo_sample,PRESTIGE,0.8947,-11.3155
2024-09,Bull,mvo_sample,AEGISLOG,0.8945,4.7974
2024-09,Bull,mvo_sample,IOC,0.8865,-20.8326
2024-09,Bull,mvo_sample,RVNL,0.8832,-11.224
2024-09,Bull,mvo_sample,RECLTD,0.8824,-5.7529
2024-10,Bull,mvo_sample,GODFRYPHLP,0.9705,-13.8563
2024-10,Bull,mvo_sample,BASF,0.955,-21.4339
2024-10,Bull,mvo_sample,OFSS,0.9511,7.44
2024-10,Bull,mvo_sample,COCHINSHIP,0.9363,5.6748
2024-10,Bull,mvo_sample,NETWEB,0.9276,1.9405
2024-10,Bull,mvo_sample,INDUSTOWER,0.927,2.5841
2024-10,Bull,mvo_sample,TRENT,0.9213,-4.6708
2024-10,Bull,mvo_sample,TORNTPOWER,0.9152,-17.0742
2024-10,Bull,mvo_sample,HINDPETRO,0.915,0.5776
2024-10,Bull,mvo_sample,STAR,0.9097,5.1334
2024-10,Bull,mvo_sample,HAL,0.9017,5.4195
2024-10,Bull,mvo_sample,MCX,0.9,-5.073
2024-10,Bull,mvo_sample,BDL,0.8968,5.9615
2024-10,Bull,mvo_sample,SCHNEIDER,0.8963,6.535
2024-10,Bull,mvo_sample,BEL,0.8943,8.1081
2024-10,Bull,mvo_sample,TATAINVEST,0.8919,-3.5436
2024-10,Bull,mvo_sample,IFCI,0.8879,10.5783
2024-10,Bull,mvo_sample,RVNL,0.8842,-7.6197
2024-10,Bull,mvo_sample,GVT&D,0.883,-1.663
2024-10,Bull,mvo_sample,WOCKPHARMA,0.8822,16.2122
2024-11,Bull,mvo_sample,GODFRYPHLP,0.989,-7.8519
2024-11,Bull,mvo_sample,OFSS,0.9611,9.3447
2024-11,Bull,mvo_sample,BASF,0.9569,-7.5423
2024-11,Bull,mvo_sample,COCHINSHIP,0.9272,-2.4441
2024-11,Bull,mvo_sample,STAR,0.9175,-59.6784
2024-11,Bull,mvo_sample,NETWEB,0.9143,-0.8909
2024-11,Bull,mvo_sample,TRENT,0.9108,4.8261
2024-11,Bull,mvo_sample,SCHNEIDER,0.9041,-7.6992
2024-11,Bull,mvo_sample,VOLTAS,0.903,7.9421
2024-11,Bull,mvo_sample,NATIONALUM,0.8987,-12.5712
2024-11,Bull,mvo_sample,THERMAX,0.8973,-11.9899
2024-11,Bull,mvo_sample,NAVA,0.8916,-6.6972
2024-11,Bull,mvo_sample,INDUSTOWER,0.8909,-2.1612
2024-11,Bull,mvo_sample,RVNL,0.8877,-3.0171
2024-11,Bull,mvo_sample,GVT&D,0.8864,18.2041
2024-11,Bull,mvo_sample,SIEMENS,0.8796,-13.554
2024-11,Bull,mvo_sample,BEL,0.8738,-4.8214
2024-11,Bull,mvo_sample,IFCI,0.8724,-2.5207
2024-11,Bull,mvo_sample,CENTURYTEX,0.8694,-8.8692
2024-11,Bull,mvo_sample,ABREL,0.8689,-8.8692
2024-12,Bull,mvo_sample,GODFRYPHLP,0.9887,-13.5872
2024-12,Bull,mvo_sample,BASF,0.9755,-17.0485
2024-12,Bull,mvo_sample,OFSS,0.9678,-28.6752
2024-12,Bull,mvo_sample,MCX,0.9499,-8.0388
2024-12,Bull,mvo_sample,POLYMED,0.9305,-10.9072
2024-12,Bull,mvo_sample,AMBER,0.9296,-11.9898
2024-12,Bull,mvo_sample,TRENT,0.9163,-19.2346
2024-12,Bull,mvo_sample,TORNTPOWER,0.9097,-1.5142
2024-12,Bull,mvo_sample,NETWEB,0.9084,-34.179
2024-12,Bull,mvo_sample,HINDZINC,0.906,1.3851
2024-12,Bull,mvo_sample,STAR,0.906,3.9581
2024-12,Bull,mvo_sample,AEGISLOG,0.905,-14.5793
2024-12,Bull,mvo_sample,COCHINSHIP,0.9048,-0.4192
2024-12,Bull,mvo_sample,AZAD,0.8961,-10.0276
2024-12,Bull,mvo_sample,TIMETECHNO,0.8917,-18.8513
2024-12,Bull,mvo_sample,GVT&D,0.8872,-13.8928
2024-12,Bull,mvo_sample,GLENMARK,0.8847,-9.6887
2024-12,Bull,mvo_sample,SIEMENS,0.8831,-6.7519
2024-12,Bull,mvo_sample,BLUESTARCO,0.8829,-15.034
2024-12,Bull,mvo_sample,CENTURYTEX,0.8821,-14.163
2025-01,Choppy,mvo_sample,NESTLEIND,0.9964,-4.7349
2025-01,Choppy,mvo_sample,INDIGO,0.9964,3.5369
2025-01,Choppy,mvo_sample,COLPAL,0.9964,-12.6508
2025-01,Choppy,mvo_sample,ADANIPOWER,0.9891,-6.6738
2025-01,Choppy,mvo_sample,NAM-INDIA,0.9854,-12.0761
2025-01,Choppy,mvo_sample,HDFCAMC,0.9818,-6.243
2025-01,Choppy,mvo_sample,BRITANNIA,0.9781,-10.414
2025-01,Choppy,mvo_sample,TATACOMM,0.9745,-17.177
2025-01,Choppy,mvo_sample,HINDZINC,0.9708,-13.1845
2025-01,Choppy,mvo_sample,TCS,0.9672,-15.2988
2025-01,Choppy,mvo_sample,COALINDIA,0.9635,-6.7062
2025-01,Choppy,mvo_sample,UJJIVAN,0.9599,-10.5512
2025-01,Choppy,mvo_sample,CASTROLIND,0.9562,19.8726
2025-01,Choppy,mvo_sample,CREDITACC,0.9526,-15.1221
2025-01,Choppy,mvo_sample,MARICO,0.9489,-9.9688
2025-01,Choppy,mvo_sample,TITAN,0.9453,-11.833
2025-01,Choppy,mvo_sample,TATAMOTORS,0.9416,-13.3291
2025-01,Choppy,mvo_sample,TRENT,0.938,-15.6722
2025-01,Choppy,mvo_sample,TATAELXSI,0.9343,-14.5975
2025-01,Choppy,mvo_sample,PREMIERENE,0.9307,-15.3397
2025-02,Choppy,mvo_sample,NESTLEIND,0.9963,2.7904
2025-02,Choppy,mvo_sample,INDIGO,0.9963,14.2508
2025-02,Choppy,mvo_sample,COLPAL,0.9963,-3.035
2025-02,Choppy,mvo_sample,ADANIPOWER,0.9889,6.3368
2025-02,Choppy,mvo_sample,NAM-INDIA,0.9852,12.7119
2025-02,Choppy,mvo_sample,HDFCAMC,0.9815,10.6276
2025-02,Choppy,mvo_sample,BRITANNIA,0.9779,7.4302
2025-02,Choppy,mvo_sample,TATACOMM,0.9742,16.6876
2025-02,Choppy,mvo_sample,HINDZINC,0.9705,18.1934
2025-02,Choppy,mvo_sample,TCS,0.9668,3.5283
2025-02,Choppy,mvo_sample,COALINDIA,0.9631,7.811
2025-02,Choppy,mvo_sample,UJJIVAN,0.9594,7.0962
2025-02,Choppy,mvo_sample,CASTROLIND,0.9557,-0.5446
2025-02,Choppy,mvo_sample,CREDITACC,0.952,3.5742
2025-02,Choppy,mvo_sample,MARICO,0.9483,8.4998
2025-02,Choppy,mvo_sample,TITAN,0.9446,-0.4517
2025-02,Choppy,mvo_sample,TATAMOTORS,0.941,8.6683
2025-02,Choppy,mvo_sample,TRENT,0.9373,9.7618
2025-02,Choppy,mvo_sample,TATAELXSI,0.9336,-3.6314
2025-02,Choppy,mvo_sample,POONAWALLA,0.9299,24.5823
2025-03,Choppy,mvo_sample,NESTLEIND,0.9963,6.1068
2025-03,Choppy,mvo_sample,INDIGO,0.9963,2.6225
2025-03,Choppy,mvo_sample,COLPAL,0.9963,8.2685
2025-03,Choppy,mvo_sample,NAM-INDIA,0.9888,10.3967
2025-03,Choppy,mvo_sample,ADANIPOWER,0.985,4.4669
2025-03,Choppy,mvo_sample,HDFCAMC,0.9813,8.9813
2025-03,Choppy,mvo_sample,BRITANNIA,0.9775,10.1683
2025-03,Choppy,mvo_sample,TATACOMM,0.9738,0.8364
2025-03,Choppy,mvo_sample,HINDZINC,0.97,-4.9145
2025-03,Choppy,mvo_sample,TCS,0.9663,-4.2275
2025-03,Choppy,mvo_sample,COALINDIA,0.9625,-3.2396
2025-03,Choppy,mvo_sample,UJJIVAN,0.9588,23.8884
2025-03,Choppy,mvo_sample,CREDITACC,0.9551,14.3495
2025-03,Choppy,mvo_sample,CASTROLIND,0.9513,-2.5769
2025-03,Choppy,mvo_sample,MARICO,0.9476,9.0232
2025-03,Choppy,mvo_sample,TITAN,0.9438,10.3269
2025-03,Choppy,mvo_sample,TATAMOTORS,0.9401,-4.4777
2025-03,Choppy,mvo_sample,TRENT,0.9363,-2.8666
2025-03,Choppy,mvo_sample,POONAWALLA,0.9326,7.0766
2025-03,Choppy,mvo_sample,MAHABANK,0.9288,9.3224
2025-04,Choppy,mvo_sample,NESTLEIND,0.9962,0.335
2025-04,Choppy,mvo_sample,INDIGO,0.9962,1.5335
2025-04,Choppy,mvo_sample,COLPAL,0.9962,-4.0515
2025-04,Choppy,mvo_sample,NAM-INDIA,0.9885,16.0091
2025-04,Choppy,mvo_sample,ADANIPOWER,0.9847,2.2084
2025-04,Choppy,mvo_sample,HDFCAMC,0.9809,9.3407
2025-04,Choppy,mvo_sample,BRITANNIA,0.9771,1.3164
2025-04,Choppy,mvo_sample,TATACOMM,0.9733,5.3286
2025-04,Choppy,mvo_sample,HINDZINC,0.9695,4.326
2025-04,Choppy,mvo_sample,TCS,0.9656,0.2808
2025-04,Choppy,mvo_sample,COALINDIA,0.9618,3.1144
2025-04,Choppy,mvo_sample,UJJIVAN,0.958,0.9383
2025-04,Choppy,mvo_sample,CREDITACC,0.9542,5.1399
2025-04,Choppy,mvo_sample,CASTROLIND,0.9504,9.3511
2025-04,Choppy,mvo_sample,MARICO,0.9466,0.8445
2025-04,Choppy,mvo_sample,TITAN,0.9427,5.1869
2025-04,Choppy,mvo_sample,TATAMOTORS,0.9389,11.6802
2025-04,Choppy,mvo_sample,POONAWALLA,0.9351,7.5949
2025-04,Choppy,mvo_sample,TRENT,0.9313,9.1059
2025-04,Choppy,mvo_sample,MAHABANK,0.9275,9.8227
2025-05,Choppy,mvo_sample,NESTLEIND,0.9963,2.8837
2025-05,Choppy,mvo_sample,INDIGO,0.9963,12.1295
2025-05,Choppy,mvo_sample,COLPAL,0.9963,-1.9871
2025-05,Choppy,mvo_sample,NAM-INDIA,0.9889,7.9762
2025-05,Choppy,mvo_sample,HDFCAMC,0.9852,10.584
2025-05,Choppy,mvo_sample,ADANIPOWER,0.9815,7.7142
2025-05,Choppy,mvo_sample,SCHNEIDER,0.9779,10.6694
2025-05,Choppy,mvo_sample,BRITANNIA,0.9742,6.1791
2025-05,Choppy,mvo_sample,TATACOMM,0.9705,2.3647
2025-05,Choppy,mvo_sample,HINDZINC,0.9668,0.3523
2025-05,Choppy,mvo_sample,TCS,0.9631,0.8481
2025-05,Choppy,mvo_sample,COALINDIA,0.9594,-1.3466
2025-05,Choppy,mvo_sample,UJJIVAN,0.9557,13.9438
2025-05,Choppy,mvo_sample,CREDITACC,0.952,5.6968
2025-05,Choppy,mvo_sample,CASTROLIND,0.9483,2.5483
2025-05,Choppy,mvo_sample,MARICO,0.9446,0.8235
2025-05,Choppy,mvo_sample,TITAN,0.941,3.8031
2025-05,Choppy,mvo_sample,POONAWALLA,0.9373,15.4303
2025-05,Choppy,mvo_sample,TATAMOTORS,0.9336,-3.5559
2025-05,Choppy,mvo_sample,MAHABANK,0.9299,5.7985
2025-06,Bull,mvo_sample,CARTRADE,0.996,28.5647
2025-06,Bull,mvo_sample,GODFRYPHLP,0.9906,1.4928
2025-06,Bull,mvo_sample,AVANTIFEED,0.9704,-7.0805
2025-06,Bull,mvo_sample,NH,0.9614,-11.7582
2025-06,Bull,mvo_sample,MCX,0.9425,-13.987
2025-06,Bull,mvo_sample,COROMANDEL,0.9385,7.8406
2025-06,Bull,mvo_sample,BSE,0.9361,-12.3714
2025-06,Bull,mvo_sample,ERIS,0.9345,6.8357
2025-06,Bull,mvo_sample,GREAVESCOT,0.9341,11.9784
2025-06,Bull,mvo_sample,BAJAJHLDNG,0.9235,-2.8931
2025-06,Bull,mvo_sample,BAJAJ,0.9235,-2.8931
2025-06,Bull,mvo_sample,DEEPAKFERT,0.92,-6.3605
2025-06,Bull,mvo_sample,ASTERDM,0.9189,1.4848
2025-06,Bull,mvo_sample,POLYMED,0.9188,-12.853
2025-06,Bull,mvo_sample,BHARTIARTL,0.9182,-3.9459
2025-06,Bull,mvo_sample,AMBER,0.9162,17.6379
2025-06,Bull,mvo_sample,MFSL,0.9139,-8.8458
2025-06,Bull,mvo_sample,SOLARINDS,0.9121,-19.147
2025-06,Bull,mvo_sample,FORTIS,0.9002,8.0509
2025-06,Bull,mvo_sample,LUPIN,0.8978,0.1599
2025-07,Bull,mvo_sample,CARTRADE,0.9939,9.673
2025-07,Bull,mvo_sample,GODFRYPHLP,0.9917,21.4323
2025-07,Bull,mvo_sample,AMBER,0.9607,-8.7399
2025-07,Bull,mvo_sample,ERIS,0.9475,0.0723
2025-07,Bull,mvo_sample,MCX,0.9464,-3.5718
2025-07,Bull,mvo_sample,ASTERDM,0.9413,-0.4709
2025-07,Bull,mvo_sample,SOLARINDS,0.9398,-2.9887
2025-07,Bull,mvo_sample,NH,0.9374,-8.2116
2025-07,Bull,mvo_sample,COROMANDEL,0.9356,-14.2045
2025-07,Bull,mvo_sample,BSE,0.9345,-13.6442
2025-07,Bull,mvo_sample,DEEPAKFERT,0.9322,-13.1974
2025-07,Bull,mvo_sample,ECLERX,0.9255,12.0821
2025-07,Bull,mvo_sample,BAJAJHLDNG,0.9188,-8.544
2025-07,Bull,mvo_sample,BAJAJ,0.9188,-8.544
2025-07,Bull,mvo_sample,SBICARD,0.9102,-0.483
2025-07,Bull,mvo_sample,MFSL,0.9086,6.7137
2025-07,Bull,mvo_sample,FORTIS,0.9084,6.3036
2025-07,Bull,mvo_sample,BHARTIARTL,0.908,-1.3321
2025-07,Bull,mvo_sample,CCL,0.9072,2.7826
2025-07,Bull,mvo_sample,GLAXO,0.8995,-11.9395
2025-08,Bull,mvo_sample,CARTRADE,0.9964,2.1726
2025-08,Bull,mvo_sample,NH,0.9765,-0.9237
2025-08,Bull,mvo_sample,MCX,0.9572,5.4939
2025-08,Bull,mvo_sample,MFSL,0.9528,-1.6415
2025-08,Bull,mvo_sample,AMBER,0.9514,11.3037
2025-08,Bull,mvo_sample,SOLARINDS,0.9489,-3.3998
2025-08,Bull,mvo_sample,LAURUSLABS,0.9457,-1.7622
2025-08,Bull,mvo_sample,NAVINFLUOR,0.9387,-1.408
2025-08,Bull,mvo_sample,COROMANDEL,0.9344,-2.6287
2025-08,Bull,mvo_sample,GODFRYPHLP,0.9344,-7.7384
2025-08,Bull,mvo_sample,DEEPAKFERT,0.9242,8.9967
2025-08,Bull,mvo_sample,BSE,0.9235,-2.6715
2025-08,Bull,mvo_sample,COFORGE,0.9159,-7.7307
2025-08,Bull,mvo_sample,BAJAJHLDNG,0.913,-3.6212
2025-08,Bull,mvo_sample,BAJAJ,0.913,-3.6212
2025-08,Bull,mvo_sample,ASTERDM,0.9086,4.3091
2025-08,Bull,mvo_sample,SBICARD,0.9075,9.1413
2025-08,Bull,mvo_sample,FORTIS,0.8962,6.3961
2025-08,Bull,mvo_sample,SYRMA,0.8894,2.0671
2025-08,Bull,mvo_sample,RAMCOCEM,0.8894,-5.8655
2025-09,Bull,mvo_sample,CARTRADE,1.0,23.2399
2025-09,Bull,mvo_sample,SYRMA,0.9696,6.0464
2025-09,Bull,mvo_sample,AMBER,0.9671,-0.649
2025-09,Bull,mvo_sample,COROMANDEL,0.9656,-5.5061
2025-09,Bull,mvo_sample,NH,0.9594,1.1395
2025-09,Bull,mvo_sample,LAURUSLABS,0.9566,13.3805
2025-09,Bull,mvo_sample,NAVINFLUOR,0.9449,23.0639
2025-09,Bull,mvo_sample,RAMCOCEM,0.9284,5.9925
2025-09,Bull,mvo_sample,GODFRYPHLP,0.9264,-9.0514
2025-09,Bull,mvo_sample,BSE,0.9195,21.5077
2025-09,Bull,mvo_sample,MCX,0.913,18.5672
2025-09,Bull,mvo_sample,ASTERDM,0.9101,8.1506
2025-09,Bull,mvo_sample,DEEPAKFERT,0.9097,-0.6858
2025-09,Bull,mvo_sample,JKCEMENT,0.9096,-1.3651
2025-09,Bull,mvo_sample,GLENMARK,0.9036,-3.0257
2025-09,Bull,mvo_sample,FORTIS,0.9009,5.4908
2025-09,Bull,mvo_sample,BAJAJHLDNG,0.8989,0.4573
2025-09,Bull,mvo_sample,BAJAJ,0.8989,0.4573
2025-09,Bull,mvo_sample,MFSL,0.8867,-1.8656
2025-09,Bull,mvo_sample,GREAVESCOT,0.8776,7.6375
2025-10,Bull,mvo_sample,CARTRADE,1.0,2.2587
2025-10,Bull,mvo_sample,GODFRYPHLP,0.991,-6.1245
2025-10,Bull,mvo_sample,CREDITACC,0.9585,-6.0761
2025-10,Bull,mvo_sample,LAURUSLABS,0.9568,8.1476
2025-10,Bull,mvo_sample,SYRMA,0.9517,0.7926
2025-10,Bull,mvo_sample,JKCEMENT,0.9439,-7.3383
2025-10,Bull,mvo_sample,ECLERX,0.9373,-3.7419
2025-10,Bull,mvo_sample,COROMANDEL,0.9361,12.1199
2025-10,Bull,mvo_sample,THYROCARE,0.9325,6.4267
2025-10,Bull,mvo_sample,NAVINFLUOR,0.9282,0.9536
2025-10,Bull,mvo_sample,NH,0.9281,10.7033
2025-10,Bull,mvo_sample,FORTIS,0.9224,-10.1608
2025-10,Bull,mvo_sample,LEMONTREE,0.9069,-4.2355
2025-10,Bull,mvo_sample,SOLARINDS,0.8937,-4.3666
2025-10,Bull,mvo_sample,EICHERMOT,0.8861,0.6636
2025-10,Bull,mvo_sample,ASHOKLEY,0.882,12.4796
2025-10,Bull,mvo_sample,BSE,0.8777,17.0795
2025-10,Bull,mvo_sample,ASTERDM,0.8774,-1.8583
2025-10,Bull,mvo_sample,RBLBANK,0.8769,-4.2746
2025-10,Bull,mvo_sample,SRF,0.8757,-0.1092
2025-11,Bull,mvo_sample,CARTRADE,0.999,-8.4691
2025-11,Bull,mvo_sample,GODFRYPHLP,0.9917,-3.8531
2025-11,Bull,mvo_sample,CREDITACC,0.9676,-4.7491
2025-11,Bull,mvo_sample,TATAINVEST,0.9603,-6.4633
2025-11,Bull,mvo_sample,EICHERMOT,0.9524,3.6719
2025-11,Bull,mvo_sample,MARUTI,0.952,5.0126
2025-11,Bull,mvo_sample,NH,0.9309,-2.7499
2025-11,Bull,mvo_sample,BAJFINANCE,0.9294,-4.8867
2025-11,Bull,mvo_sample,MFSL,0.9206,-1.7801
2025-11,Bull,mvo_sample,SYRMA,0.9098,-10.6187
2025-11,Bull,mvo_sample,FORTIS,0.9079,-3.8189
2025-11,Bull,mvo_sample,LAURUSLABS,0.9069,7.432
2025-11,Bull,mvo_sample,JKCEMENT,0.9069,-3.9423
2025-11,Bull,mvo_sample,AMBER,0.9,-11.057
2025-11,Bull,mvo_sample,RBLBANK,0.8981,1.0883
2025-11,Bull,mvo_sample,NAVINFLUOR,0.8936,3.2168
2025-11,Bull,mvo_sample,GMDCLTD,0.8888,11.0236
2025-11,Bull,mvo_sample,LTF,0.8814,1.1526
2025-11,Bull,mvo_sample,ABCAPITAL,0.8702,-0.0977
2025-11,Bull,mvo_sample,GVT&D,0.8682,8.7145
2025-12,Bull,mvo_sample,CARTRADE,0.996,-6.2593
2025-12,Bull,mvo_sample,GODFRYPHLP,0.9754,-26.3114
2025-12,Bull,mvo_sample,CREDITACC,0.9704,4.1536
2025-12,Bull,mvo_sample,NAVINFLUOR,0.9558,3.0237
2025-12,Bull,mvo_sample,THYROCARE,0.9237,-5.7662
2025-12,Bull,mvo_sample,EICHERMOT,0.9182,-2.5983
2025-12,Bull,mvo_sample,LAURUSLABS,0.9182,-12.9061
2025-12,Bull,mvo_sample,BAJFINANCE,0.9106,-5.7712
2025-12,Bull,mvo_sample,AUBANK,0.9101,-1.2217
2025-12,Bull,mvo_sample,RBLBANK,0.9026,-5.399
2025-12,Bull,mvo_sample,INDIANB,0.9001,8.8922
2025-12,Bull,mvo_sample,GMDCLTD,0.8951,-3.5073
2025-12,Bull,mvo_sample,UJJIVAN,0.8936,23.3629
2025-12,Bull,mvo_sample,LTF,0.886,-9.3686
2025-12,Bull,mvo_sample,CHENNPETRO,0.8805,3.5697
2025-12,Bull,mvo_sample,MARUTI,0.8795,-12.5651
2025-12,Bull,mvo_sample,ABCAPITAL,0.8785,-5.0042
2025-12,Bull,mvo_sample,SOUTHBANK,0.867,-1.9311
2025-12,Bull,mvo_sample,NH,0.866,-6.5592
2025-12,Bull,mvo_sample,NETWEB,0.8655,1.0897
2026-01,Bull,mvo_sample,CARTRADE,0.9815,-32.0198
2026-01,Bull,mvo_sample,GODFRYPHLP,0.9781,3.9253
2026-01,Bull,mvo_sample,THYROCARE,0.9538,-6.2738
2026-01,Bull,mvo_sample,CCL,0.9347,4.8626
2026-01,Bull,mvo_sample,NETWEB,0.9182,22.7907
2026-01,Bull,mvo_sample,LAURUSLABS,0.9175,11.4819
2026-01,Bull,mvo_sample,MCX,0.916,-3.3505
2026-01,Bull,mvo_sample,SHRIRAMFIN,0.9132,5.8235
2026-01,Bull,mvo_sample,ASHOKLEY,0.902,7.3263
2026-01,Bull,mvo_sample,SYRMA,0.8982,8.0486
2026-01,Bull,mvo_sample,LTF,0.8909,-0.8381
2026-01,Bull,mvo_sample,AUBANK,0.8894,-2.4431
2026-01,Bull,mvo_sample,ABCAPITAL,0.8884,1.3685
2026-01,Bull,mvo_sample,MFSL,0.8882,12.3823
2026-01,Bull,mvo_sample,RBLBANK,0.8873,7.0293
2026-01,Bull,mvo_sample,CHENNPETRO,0.8842,11.0733
2026-01,Bull,mvo_sample,CUB,0.8794,-6.1972
2026-01,Bull,mvo_sample,UJJIVAN,0.8728,-11.1825
2026-01,Bull,mvo_sample,GMDCLTD,0.8703,-1.4453
2026-01,Bull,mvo_sample,INDIANB,0.8691,8.6432
2026-02,Bull,mvo_sample,CARTRADE,0.9492,-8.3842
2026-02,Bull,mvo_sample,IIFL,0.9285,-13.2507
2026-02,Bull,mvo_sample,SYRMA,0.9203,-5.9775
2026-02,Bull,mvo_sample,ASHOKLEY,0.9197,-26.9872
2026-02,Bull,mvo_sample,NETWEB,0.9179,-19.7493
2026-02,Bull,mvo_sample,LAURUSLABS,0.9078,-7.7245
2026-02,Bull,mvo_sample,MCX,0.9022,-2.206
2026-02,Bull,mvo_sample,AUBANK,0.9,-12.0676
2026-02,Bull,mvo_sample,GMDCLTD,0.8967,-0.5708
2026-02,Bull,mvo_sample,MFSL,0.8959,-17.7953
2026-02,Bull,mvo_sample,ABCAPITAL,0.8936,-15.1546
2026-02,Bull,mvo_sample,CUB,0.8936,-15.2623
2026-02,Bull,mvo_sample,HINDCOPPER,0.8932,-19.9188
2026-02,Bull,mvo_sample,LTF,0.8856,-15.4077
2026-02,Bull,mvo_sample,INDIANB,0.8832,-14.6189
2026-02,Bull,mvo_sample,NATIONALUM,0.8793,8.8832
2026-02,Bull,mvo_sample,GVT&D,0.8719,-5.4491
2026-02,Bull,mvo_sample,CHENNPETRO,0.8707,0.5614
2026-02,Bull,mvo_sample,RBLBANK,0.8688,-9.3823
2026-02,Bull,mvo_sample,CANBK,0.8586,-21.5543
2026-03,Choppy,mvo_sample,STAR,0.9961,10.5625
2026-03,Choppy,mvo_sample,COLPAL,0.9961,17.1913
2026-03,Choppy,mvo_sample,ASTERDM,0.9961,5.0926
2026-03,Choppy,mvo_sample,NESTLEIND,0.9882,24.1573
2026-03,Choppy,mvo_sample,HINDZINC,0.9843,20.8481
2026-03,Choppy,mvo_sample,INDIGO,0.9804,8.921
2026-03,Choppy,mvo_sample,NAM-INDIA,0.9765,25.9839
2026-03,Choppy,mvo_sample,HDFCAMC,0.9725,22.3877
2026-03,Choppy,mvo_sample,TATACOMM,0.9686,17.2565
2026-03,Choppy,mvo_sample,TCS,0.9647,4.8752
2026-03,Choppy,mvo_sample,BRITANNIA,0.9608,5.5873
2026-03,Choppy,mvo_sample,CASTROLIND,0.9569,6.5122
2026-03,Choppy,mvo_sample,ITC,0.9529,9.4543
2026-03,Choppy,mvo_sample,SCHNEIDER,0.949,47.0442
2026-03,Choppy,mvo_sample,MARICO,0.9451,5.3061
2026-03,Choppy,mvo_sample,RECLTD,0.9412,16.1259
2026-03,Choppy,mvo_sample,MAHABANK,0.9373,27.7841
2026-03,Choppy,mvo_sample,TATAELXSI,0.9333,3.855
2026-03,Choppy,mvo_sample,IRCTC,0.9294,9.1102
2026-03,Choppy,mvo_sample,COALINDIA,0.9255,6.882
2026-04,Choppy,mvo_sample,STAR,0.9962,7.2338
2026-04,Choppy,mvo_sample,COLPAL,0.9962,-1.7317
2026-04,Choppy,mvo_sample,ASTERDM,0.9962,3.8942
2026-04,Choppy,mvo_sample,NESTLEIND,0.9887,-2.5435
2026-04,Choppy,mvo_sample,HINDZINC,0.9849,6.2086
2026-04,Choppy,mvo_sample,INDIGO,0.9811,2.554
2026-04,Choppy,mvo_sample,NAM-INDIA,0.9774,8.9361
2026-04,Choppy,mvo_sample,HDFCAMC,0.9736,-1.4119
2026-04,Choppy,mvo_sample,TATACOMM,0.9698,24.3277
2026-04,Choppy,mvo_sample,TCS,0.966,-7.4527
2026-04,Choppy,mvo_sample,BRITANNIA,0.9623,-9.1076
2026-04,Choppy,mvo_sample,CASTROLIND,0.9585,-0.8657
2026-04,Choppy,mvo_sample,ITC,0.9547,-6.4096
2026-04,Choppy,mvo_sample,SCHNEIDER,0.9509,5.2344
2026-04,Choppy,mvo_sample,MARICO,0.9472,6.0258
2026-04,Choppy,mvo_sample,RECLTD,0.9434,-4.6994
2026-04,Choppy,mvo_sample,TATAELXSI,0.9396,3.7652
2026-04,Choppy,mvo_sample,IRCTC,0.9358,-5.5046
2026-04,Choppy,mvo_sample,COALINDIA,0.9321,-4.8915
2026-04,Choppy,mvo_sample,MAHABANK,0.9283,1.1484
2026-05,Bull,mvo_sample,ACUTAAS,0.9954,13.909
2026-05,Bull,mvo_sample,NATIONALUM,0.9821,-18.1529
2026-05,Bull,mvo_sample,NAVINFLUOR,0.9494,5.1411
2026-05,Bull,mvo_sample,KARURVYSYA,0.947,3.4978
2026-05,Bull,mvo_sample,GLENMARK,0.9416,-3.8815
2026-05,Bull,mvo_sample,LAURUSLABS,0.9369,10.1542
2026-05,Bull,mvo_sample,AVANTIFEED,0.9348,-22.3247
2026-05,Bull,mvo_sample,INDIANB,0.9344,-0.1134
2026-05,Bull,mvo_sample,SYRMA,0.9238,25.6993
2026-05,Bull,mvo_sample,GESHIP,0.9195,7.3508
2026-05,Bull,mvo_sample,BLISSGVS,0.919,24.5944
2026-05,Bull,mvo_sample,TORNTPHARM,0.9172,5.5954
2026-05,Bull,mvo_sample,MCX,0.9143,-1.3539
2026-05,Bull,mvo_sample,ASHOKLEY,0.9085,2.9622
2026-05,Bull,mvo_sample,NETWEB,0.9074,-4.6224
2026-05,Bull,mvo_sample,ONGC,0.9008,-11.8124
2026-05,Bull,mvo_sample,JBCHEPHARM,0.9004,6.2656
2026-05,Bull,mvo_sample,CHENNPETRO,0.8935,9.0342
2026-05,Bull,mvo_sample,SHRIRAMFIN,0.8928,9.0271
2026-05,Bull,mvo_sample,MRPL,0.888,2.918
