entry_date,exit_date,nifty_entry,nifty_exit,strike,sigma,lots,premium_paid,payout,net_hedge_pnl,put_itm
1999-06-30,1999-09-30,806.1,1025.1,800,,190,,0.0,,False
1999-09-30,1999-12-30,1025.1,1205.0,1000,0.2664,150,343511.16,0.0,-343511.16,False
1999-12-30,2000-03-31,1205.0,1322.9,1200,0.3582,127,606739.19,0.0,-606739.19,False
2000-03-31,2000-06-30,1322.9,1073.7,1300,0.4477,116,718622.37,1706302.0,987679.63,True
2000-06-30,2000-09-29,1073.7,925.4,1100,0.5463,143,1128806.59,1622907.0,494100.41,True
2000-09-29,2000-12-29,925.4,912.85,900,0.366,166,517397.95,0.0,-517397.95,False
2000-12-29,2001-03-30,912.85,754.2,900,0.3279,168,503104.03,1592136.0,1089031.97,True
2001-03-30,2001-06-29,754.2,725.85,800,0.413,203,1071109.39,978409.25,-92700.14,True
2001-06-29,2001-09-28,725.85,583.55,700,0.3297,211,414593.47,1597111.75,1182518.28,True
2001-09-28,2001-12-31,583.55,700.6,600,0.3099,263,679279.86,0.0,-679279.86,False
2001-12-31,2002-03-28,700.6,775.5,700,0.2566,219,425770.68,0.0,-425770.68,False
2002-03-28,2002-06-28,775.5,772.85,800,0.2394,198,558330.24,349420.5,-208909.74,True
2002-06-28,2002-09-30,772.85,691.0,800,0.2324,199,565404.95,1409915.0,844510.05,True
2002-09-30,2002-12-31,691.0,772.85,700,0.167,222,315394.49,0.0,-315394.49,False
2002-12-31,2003-03-31,772.85,701.35,800,0.1609,199,424200.78,1276037.75,851836.97,True
2003-03-31,2003-06-30,701.35,894.5,700,0.1565,219,227089.01,0.0,-227089.01,False
2003-06-30,2003-09-30,894.5,1138.55,900,0.1897,171,326236.45,0.0,-326236.45,False
2003-09-30,2003-12-31,1138.55,1531.35,1100,0.2901,135,350356.13,0.0,-350356.13,False
2003-12-31,2004-03-31,1531.35,1457.5,1500,0.2344,100,298605.33,276250.0,-22355.33,True
2004-03-31,2004-06-30,1457.5,1248.0,1500,0.3617,105,785504.17,1719900.0,934395.83,True
2004-06-30,2004-09-30,1248.0,1478.75,1200,0.5107,123,740250.75,0.0,-740250.75,False
2004-09-30,2004-12-31,1478.75,1804.9,1500,0.1848,104,358122.99,0.0,-358122.99,False
2004-12-31,2005-03-31,1804.9,1772.85,1800,0.1453,85,202226.3,150003.75,-52222.55,True
2005-03-31,2005-06-30,1772.85,1906.2,1800,0.2201,86,429449.62,0.0,-429449.62,False
2005-06-30,2005-09-30,1906.2,2274.0,1900,0.1511,80,209936.9,0.0,-209936.9,False
2005-09-30,2005-12-30,2274.0,2459.2,2300,0.1928,67,356107.63,0.0,-356107.63,False
2005-12-30,2006-03-31,2459.2,2910.35,2500,0.2121,62,420128.95,0.0,-420128.95,False
2006-03-31,2006-06-30,2910.35,2562.5,2900,0.142,52,190092.9,1140761.55,950668.65,True
2006-06-30,2006-09-29,2562.5,2988.25,2600,0.4982,60,981094.15,0.0,-981094.15,False
2006-09-29,2006-12-29,2988.25,3295.05,3000,0.2323,51,397917.38,0.0,-397917.38,False
2006-12-29,2007-03-30,3295.05,3145.35,3300,0.1953,46,313015.97,462415.62,149399.65,True
2007-03-30,2007-06-29,3145.35,3625.75,3100,0.2703,48,385442.37,0.0,-385442.37,False
2007-06-29,2007-09-28,3625.75,4188.54,3600,0.1979,42,282525.36,0.0,-282525.36,False
2007-09-28,2007-12-31,4188.54,5354.69,4200,0.2654,36,451814.1,0.0,-451814.1,False
2007-12-31,2008-03-31,5354.69,3825.84,5400,0.358,28,654911.6,2864962.15,2210050.55,True
2008-03-31,2008-06-30,3825.84,3203.35,3800,0.4111,40,696871.22,1551300.54,854429.32,True
2008-06-30,2008-09-30,3203.35,3058.6,3200,0.3622,48,632542.26,441179.88,-191362.38,True
2008-09-30,2008-12-31,3058.6,2295.75,3100,0.4351,50,846025.49,2613822.02,1767796.53,True
2008-12-31,2009-03-31,2295.75,2294.85,2300,0.5042,67,925762.53,22440.58,-903321.95,True
2009-03-31,2009-06-30,2294.85,3469.7,2300,0.4619,67,844573.1,0.0,-844573.1,False
2009-06-30,2009-09-30,3469.7,4118.64,3500,0.4977,44,942068.39,0.0,-942068.39,False
2009-09-30,2009-12-31,4118.64,4329.09,4100,0.2957,37,481438.33,0.0,-481438.33,False
2009-12-31,2010-03-31,4329.09,4313.24,4300,0.2731,35,425510.4,0.0,-425510.4,False
2010-03-31,2010-06-30,4313.24,4420.69,4300,0.2325,35,362729.22,0.0,-362729.22,False
2010-06-30,2010-09-30,4420.69,4925.14,4400,0.2348,34,358544.86,0.0,-358544.86,False
2010-09-30,2010-12-31,4925.14,4940.94,4900,0.2603,31,411462.68,0.0,-411462.68,False
2010-12-31,2011-03-31,4940.94,4626.44,4900,0.1938,31,271282.06,551214.66,279932.6,True
2011-03-31,2011-06-30,4626.44,4522.94,4600,0.2595,33,407126.25,165284.4,-241841.85,True
2011-06-30,2011-09-30,4522.94,3978.34,4500,0.2154,34,327527.47,1152857.61,825330.15,True
2011-09-30,2011-12-30,3978.34,3597.75,4000,0.3737,38,675821.03,993568.96,317747.92,True
2011-12-30,2012-03-30,3597.75,4221.79,3600,0.3172,42,542812.97,0.0,-542812.97,False
2012-03-30,2012-06-29,4221.79,4170.64,4200,0.2618,36,412253.4,68691.8,-343561.6,True
2012-06-29,2012-09-28,4170.64,4504.34,4200,0.2232,36,388967.99,0.0,-388967.99,False
2012-09-28,2012-12-31,4504.34,4743.44,4500,0.1891,34,293286.42,0.0,-293286.42,False
2012-12-31,2013-03-28,4743.44,4438.34,4700,0.1749,32,230116.7,544243.98,314127.28,True
2013-03-28,2013-06-28,4438.34,4510.89,4400,0.1781,34,236655.13,0.0,-236655.13,False
2013-06-28,2013-09-30,4510.89,4392.04,4500,0.21,34,327895.9,238582.88,-89313.02,True
2013-09-30,2013-12-31,4392.04,4914.84,4400,0.3118,35,547390.85,0.0,-547390.85,False
2013-12-31,2014-03-31,4914.84,5224.84,4900,0.1769,31,259663.97,0.0,-259663.97,False
2014-03-31,2014-06-30,5224.84,6174.19,5200,0.253,29,395795.01,0.0,-395795.01,False
2014-06-30,2014-09-30,6174.19,6415.69,6200,0.2091,24,343939.72,0.0,-343939.72,False
2014-09-30,2014-12-31,6415.69,6773.64,6400,0.1539,23,211284.99,0.0,-211284.99,False
2014-12-31,2015-03-31,6773.64,6978.14,6800,0.1769,22,283380.74,0.0,-283380.74,False
2015-03-31,2015-06-30,6978.14,6897.19,7000,0.1695,22,274111.44,147016.99,-127094.45,True
2015-06-30,2015-09-30,6897.19,6646.09,6900,0.1981,22,313897.03,363089.43,49192.39,True
2015-09-30,2015-12-31,6646.09,6724.74,6600,0.2297,23,344891.08,0.0,-344891.08,False
2015-12-31,2016-03-31,6724.74,6452.14,6700,0.1623,22,222467.35,354437.51,131970.16,True
2016-03-31,2016-06-30,6452.14,6980.79,6500,0.194,23,330459.48,0.0,-330459.48,False
2016-06-30,2016-09-30,6980.79,7394.84,7000,0.1906,22,313660.24,0.0,-313660.24,False
2016-09-30,2016-12-30,7394.84,6982.79,7400,0.201,20,312696.28,542372.31,229676.04,True
2016-12-30,2017-03-31,6982.79,7995.04,7000,0.181,22,293696.92,0.0,-293696.92,False
2017-03-31,2017-06-30,7995.04,8331.59,8000,0.1453,19,213899.72,0.0,-213899.72,False
2017-06-30,2017-09-29,8331.59,8599.99,8300,0.1372,18,178602.44,0.0,-178602.44,False
2017-09-29,2017-12-29,8599.99,9490.64,8600,0.1461,17,204892.42,0.0,-204892.42,False
2017-12-29,2018-03-28,9490.64,8912.09,9500,0.1482,16,220939.13,611428.59,390489.47,True
2018-03-28,2018-06-29,8912.09,9162.44,8900,0.1844,17,279507.44,0.0,-279507.44,False
2018-06-29,2018-09-28,9162.44,9115.99,9200,0.1514,16,232061.53,87372.19,-144689.34,True
2018-09-28,2018-12-31,9115.99,9169.99,9100,0.1989,16,294130.46,0.0,-294130.46,False
2018-12-31,2019-03-28,9169.99,9601.94,9200,0.1872,16,295575.88,0.0,-295575.88,False
2019-03-28,2019-06-28,9601.94,9657.94,9600,0.1948,16,308716.77,0.0,-308716.77,False
2019-06-28,2019-09-30,9657.94,9340.89,9700,0.1749,15,273800.11,350134.5,76334.39,True
2019-09-30,2019-12-31,9340.89,9872.54,9300,0.1857,16,265541.12,0.0,-265541.12,False
2019-12-31,2020-03-31,9872.54,6996.74,9900,0.1365,15,201003.96,2830677.8,2629673.84,True
2020-03-31,2020-06-30,6996.74,8474.79,7000,0.7536,21,1342469.03,0.0,-1342469.03,False
2020-06-30,2020-09-30,8474.79,9341.74,8500,0.3407,18,605234.22,0.0,-605234.22,False
2020-09-30,2020-12-31,9341.74,11518.29,9300,0.2285,16,345569.45,0.0,-345569.45,False
2020-12-31,2021-03-31,11518.29,12313.68,11500,0.2469,13,393646.14,0.0,-393646.14,False
2021-03-31,2021-06-30,12313.68,13473.53,12300,0.2416,12,380682.34,0.0,-380682.34,False
2021-06-30,2021-09-30,13473.53,15052.63,13500,0.1527,11,228003.36,0.0,-228003.36,False
2021-09-30,2021-12-31,15052.63,14996.18,15100,0.2153,10,356597.08,67482.57,-289114.51,True
2021-12-31,2022-03-31,14996.18,14894.48,15000,0.1898,10,293767.48,68587.7,-225179.78,True
2022-03-31,2022-06-30,14894.48,13387.53,14900,0.2406,10,388350.8,983104.05,594753.25,True
2022-06-30,2022-09-30,13387.53,14829.33,13400,0.2555,11,414565.71,0.0,-414565.71,False
2022-09-30,2022-12-30,14829.33,15448.83,14800,0.2336,10,363266.31,0.0,-363266.31,False
2022-12-30,2023-03-31,15448.83,14557.85,15400,0.174,9,231332.85,492657.98,261325.13,True
2023-03-31,2023-06-30,14557.85,16430.0,14600,0.1514,10,225423.62,0.0,-225423.62,False
2023-06-30,2023-09-29,16430.0,17292.6,16400,0.1264,9,163710.82,0.0,-163710.82,False
2023-09-29,2023-12-29,17292.6,19429.15,17300,0.134,8,174397.78,0.0,-174397.78,False
2023-12-29,2024-03-28,19429.15,20255.15,19400,0.1696,7,225128.27,0.0,-225128.27,False
2024-03-28,2024-06-28,20255.15,22559.7,20300,0.1501,7,214507.07,0.0,-214507.07,False
2024-06-28,2024-09-30,22559.7,24245.2,22600,0.1615,6,222575.69,0.0,-222575.69,False
2024-09-30,2024-12-31,24245.2,22375.4,24200,0.1496,6,202921.72,711593.85,508672.13,True
2024-12-31,2025-03-28,22375.4,21339.55,22400,0.1691,6,231051.38,413575.2,182523.82,True
2025-03-28,2025-06-30,21339.55,23617.2,21300,0.1488,7,206888.01,0.0,-206888.01,False
2025-06-30,2025-09-30,23617.2,22734.1,23600,0.1496,6,202008.69,337701.15,135692.46,True
2025-09-30,2025-12-31,22734.1,23871.55,22700,0.1295,6,157481.85,0.0,-157481.85,False
2025-12-31,2026-03-30,23871.55,20528.05,23900,0.1109,6,142326.24,1315060.2,1172733.96,True
2026-03-30,2026-06-30,20528.05,22995.65,20500,0.3263,7,523924.78,0.0,-523924.78,False
2026-06-30,2026-08-14,22995.65,23607.15,23000,0.1591,6,216596.13,0.0,-216596.13,False
