nse_ticker,tji_sectors,is_financial
3MINDIA,,FALSE
63MOONS,TJI IT Small Cap,FALSE
8KMILES,,FALSE
AARTIDRUGS,TJI Pharma,FALSE
AARTIIND,TJI Agro Chemicals,FALSE
AAVAS,TJI Home Finance,TRUE
ABB,,FALSE
ABBOTINDIA,TJI Pharma,FALSE
ABCAPITAL,TJI Asset Management,TRUE
ABREL,TJI Cement,FALSE
ACC,TJI Cement,FALSE
ACCELYA,TJI IT Small Cap,FALSE
ACMESOLAR,,FALSE
ACUTAAS,TJI Pharma - API & CRAMS,FALSE
ADANIENSOL,,FALSE
ADANIENT,,FALSE
ADANIPOWER,,FALSE
ADLABS,,FALSE
ADOR,,FALSE
ADVENZYMES,TJI Pharma,FALSE
AEGISLOG,TJI Logistics,FALSE
AFCONS,TJI Infrastructure,FALSE
AFFLE,TJI IT - Product/Platform,FALSE
AGUL,,FALSE
AHLUCONT,TJI Infrastructure,FALSE
AIAENG,,FALSE
AKSHOPTFBR,TJI Communication Equipment,FALSE
AKZOINDIA,,FALSE
ALEMBICLTD,TJI Pharma,FALSE
ALKEM,TJI Pharma,FALSE
ALLCARGO,TJI Logistics,FALSE
ALSTOMT&D,,FALSE
AMBER,TJI Electrical Appliances,FALSE
AMBUJACEM,TJI Cement,FALSE
ANANTRAJ,TJI Real Estate,FALSE
ANDHRSUGAR,TJI Alkali Chemicals,FALSE
ANSALAPI,,FALSE
ANTHEM,,FALSE
APARINDS,,FALSE
APLAPOLLO,TJI Metal Pipes,FALSE
APLLTD,TJI Pharma,FALSE
APOLLOHOSP,TJI Diagnostic Chains,FALSE
APOLLOTYRE,TJI Auto Ancillary,FALSE
APTECHT,,FALSE
ARCHIES,,FALSE
ARVIND,TJI Textiles,FALSE
ASAHIINDIA,TJI Glass Products,FALSE
ASHIANA,TJI Real Estate,FALSE
ASHOKLEY,TJI Auto OEM,FALSE
ASIANHOTNR,,FALSE
ASIANPAINT,TJI Paint Manufacturers,FALSE
ASTERDM,TJI Hospitals,FALSE
ATGL,TJI City Gas,FALSE
ATLASCYCLE,,FALSE
ATUL,TJI Chemicals,FALSE
ATULAUTO,TJI Auto OEM,FALSE
AUBANK,MANUAL_FINANCIAL,TRUE
AUTOAXLES,TJI Auto Ancillary,FALSE
AVANTIFEED,TJI Packaged Meat,FALSE
AWFIS,,FALSE
AXISBANK,TJI Banks,TRUE
AZAD,,FALSE
BAJAJ,TJI Holding Companies,FALSE
BAJAJ-AUTO,TJI Auto OEM,FALSE
BAJAJHIND,TJI Sugar,FALSE
BAJAJHLDNG,TJI Holding Companies,FALSE
BAJFINANCE,TJI NBFC - Deposit Taking,TRUE
BALAJI,TJI Chemicals,FALSE
BALAJITELE,TJI Media & Entertainment,FALSE
BALAMINES,TJI Chemicals,FALSE
BALMLAWRIE,TJI Packaging and Containers,FALSE
BALRAMCHIN,TJI Sugar,FALSE
BANARISUG,TJI Sugar,FALSE
BANCOINDIA,TJI Auto Ancillary,FALSE
BANKBARODA,TJI Banks,TRUE
BANKINDIA,TJI Banks,TRUE
BASF,TJI Agro Chemicals,FALSE
BATAINDIA,,FALSE
BAYERCROP,,FALSE
BBTC,TJI FMCG,FALSE
BCG,,FALSE
BDL,TJI Defence,FALSE
BEL,TJI Defence,FALSE
BEML,TJI Defence,FALSE
BEPL,TJI Chemicals,FALSE
BERGEPAINT,TJI Paint Manufacturers,FALSE
BFUTILITIE,,FALSE
BGRENERGY,TJI Infrastructure,FALSE
BHARATFORG,TJI Auto Ancillary,FALSE
BHARATRAS,TJI Chemicals,FALSE
BHARTIARTL,TJI Telecom,FALSE
BHEL,TJI PSU,FALSE
BI,TJI Packaging and Containers,FALSE
BIOCON,TJI Pharma,FALSE
BIRLACORPN,TJI Cement,FALSE
BIRLAMONEY,MANUAL_FINANCIAL,TRUE
BLISSGVS,TJI Pharma,FALSE
BLKASHYAP,TJI Real Estate,FALSE
BLUEDART,TJI Logistics,FALSE
BLUEJET,TJI Pharma - API & CRAMS,FALSE
BLUESTARCO,TJI Electrical Appliances,FALSE
BOMDYEING,TJI Textiles,FALSE
BOSCH-HCIL,,FALSE
BOSCHLTD,TJI Auto Ancillary,FALSE
BPCL,TJI Oil Refiners,FALSE
BRIGADE,TJI Real Estate,FALSE
BRITANNIA,TJI FMCG,FALSE
BSE,,FALSE
BSOFT,TJI IT Small Cap,FALSE
CAMLINFINE,TJI Chemicals,FALSE
CANBK,TJI Banks,TRUE
CANFINHOME,TJI Home Finance,TRUE
CARTRADE,TJI IT - Product/Platform,FALSE
CASTROLIND,,FALSE
CCAVENUE,TJI IT - Product/Platform,FALSE
CCL,,FALSE
CDSL,,FALSE
CEATLTD,TJI Auto Ancillary,FALSE
CELLO,,FALSE
CEMPRO,TJI Infrastructure,FALSE
CENTENKA,TJI Textiles,FALSE
CENTRALBK,TJI Banks,TRUE
CENTURYTEX,,FALSE
CERA,TJI Tiles,FALSE
CESC,TJI Retail Chains,FALSE
CGCL,MANUAL_FINANCIAL,TRUE
CGPOWER,,FALSE
CHALET,,FALSE
CHAMBLFERT,TJI Chemicals,FALSE
CHEMPLASTS,,FALSE
CHENNPETRO,TJI Oil Refiners,FALSE
CHOLAFIN,TJI Auto Ancillary,TRUE
CHOLAHLDNG,MANUAL_FINANCIAL,TRUE
CINEVISTA,,FALSE
CIPLA,TJI Pharma,FALSE
COALINDIA,TJI PSU,FALSE
COCHINSHIP,TJI Defence,FALSE
COFFEEDAY,TJI QSR,FALSE
COFORGE,TJI IT Mid Cap,FALSE
COLPAL,TJI FMCG,FALSE
CONCOR,TJI Logistics,FALSE
CONSOFINVT,MANUAL_FINANCIAL,TRUE
COROMANDEL,TJI Chemicals,FALSE
CREDITACC,TJI Microfinance,TRUE
CRISIL,TJI Rating Agencies,FALSE
CROMPTON,TJI Electrical Appliances,FALSE
CSBBANK,MANUAL_FINANCIAL,TRUE
CUB,TJI Banks,TRUE
CUMMINSIND,,FALSE
CYBERTECH,,FALSE
DABUR,TJI FMCG,FALSE
DALMIASUG,TJI Cement,FALSE
DATAPATTNS,TJI Defence,FALSE
DBCORP,,FALSE
DBL,TJI Infrastructure,FALSE
DBREALTY,,FALSE
DCAL,TJI Pharma,FALSE
DCW,TJI Alkali Chemicals,FALSE
DEEPAKFERT,TJI Chemicals,FALSE
DEEPAKNTR,TJI Chemicals,FALSE
DELTACORP,TJI Hospitality,FALSE
DEN,,FALSE
DEVYANI,TJI QSR,FALSE
DHAMPURSUG,TJI Sugar,FALSE
DHANBANK,MANUAL_FINANCIAL,TRUE
DHANLAXMI,MANUAL_FINANCIAL,TRUE
DHANUKA,TJI Chemicals,FALSE
DHUNINV,,FALSE
DICIND,,FALSE
DIGJAMLMTD,,FALSE
DISHTV,,FALSE
DLF,TJI Real Estate,FALSE
DMART,TJI Retail Chains,FALSE
DREDGECORP,TJI PSU,FALSE
DRREDDY,TJI Pharma,FALSE
DYNAMATECH,TJI Auto Ancillary,FALSE
ECLERX,TJI IT Small Cap,FALSE
EICHERMOT,TJI Auto OEM,FALSE
EIDPARRY,TJI Sugar,FALSE
EIHOTEL,TJI Hospitality,FALSE
ELCIDIN,,FALSE
ELECON,,FALSE
ELECTCAST,TJI Metal Pipes,FALSE
ELGIEQUIP,,FALSE
ELGIRUBCO,TJI Chemicals,FALSE
ENDURANCE,TJI Auto Ancillary,FALSE
ENERGY,,FALSE
ENGINERSIN,TJI Infrastructure,FALSE
EQUITAS,TJI NBFC - Deposit Taking,TRUE
EQUITASBNK,TJI Holding Companies,TRUE
ERIS,TJI Pharma,FALSE
ESABINDIA,,FALSE
ESCORTS,,FALSE
EXCEL,,FALSE
EXCELINDUS,TJI Chemicals,FALSE
EXIDEIND,TJI Batteries,FALSE
FACT,TJI Chemicals,FALSE
FDC,TJI Pharma,FALSE
FEDERALBNK,TJI Banks,TRUE
FEL,,FALSE
FINCABLES,TJI Electrical Appliances,FALSE
FINEORG,TJI Chemicals,FALSE
FIRSTCRY,,FALSE
FLEXITUFF,TJI Packaging and Containers,FALSE
FLFL,,FALSE
FLUOROCHEM,TJI Chemicals,FALSE
FMGOETZE,TJI Auto Ancillary,FALSE
FORTIS,TJI Diagnostic Chains,FALSE
FOSECOIND,TJI Speciality Chemicals,FALSE
GABRIEL,TJI Auto Ancillary,FALSE
GAEL,,FALSE
GAIL,TJI Polymers,FALSE
GALAXYSURF,,FALSE
GANESHBE,TJI Chemicals,FALSE
GARFIBRES,TJI Chemicals,FALSE
GARWARE,TJI Textiles,FALSE
GATEWAY,,FALSE
GAYAPROJ,TJI Infrastructure,FALSE
GEOJITFSL,MANUAL_FINANCIAL,TRUE
GESHIP,TJI Logistics,FALSE
GHCL,TJI Alkali Chemicals,FALSE
GICRE,TJI General Insurance,TRUE
GILLETTE,,FALSE
GLAND,TJI Pharma,FALSE
GLAXO,TJI Pharma,FALSE
GLENMARK,TJI Pharma,FALSE
GLFL,MANUAL_FINANCIAL,TRUE
GLOBAL,,FALSE
GMDCLTD,TJI Power,FALSE
GMMPFAUDLR,TJI Glass Products,FALSE
GNFC,TJI Chemicals,FALSE
GODFRYPHLP,,FALSE
GODREJAGRO,TJI Agro Chemicals,FALSE
GODREJCP,TJI FMCG,FALSE
GODREJIND,TJI FMCG,FALSE
GOKEX,,FALSE
GOLDENTOBC,,FALSE
GOODYEAR,TJI Tyre,FALSE
GPPL,TJI Logistics,FALSE
GRANULES,TJI Pharma,FALSE
GRAPHITE,,FALSE
GRASIM,TJI Cement,FALSE
GREAVESCOT,,FALSE
GREENPLY,TJI Plywood,FALSE
GRINDWELL,,FALSE
GRINFRA,TJI Infrastructure,FALSE
GRWRHITECH,,FALSE
GSFC,TJI Chemicals,FALSE
GSKCONS,,FALSE
GTL,,FALSE
GUJALKALI,TJI Chemicals,FALSE
GUJENERGY,TJI City Gas,FALSE
GUJGASLTD,,FALSE
GVKPIL,,FALSE
GVT&D,,FALSE
HAL,TJI Defence,FALSE
HAPPSTMNDS,TJI IT Small Cap,FALSE
HARRMALAYA,,FALSE
HATHWAY,,FALSE
HATSUN,TJI Dairy Products,FALSE
HAVELLS,TJI Electrical Appliances,FALSE
HCC,,FALSE
HCL-INSYS,TJI IT Small Cap,FALSE
HCLTECH,TJI IT Large Cap,FALSE
HDFC,TJI Banks,TRUE
HDFCAMC,TJI Asset Management,TRUE
HDFCBANK,TJI Banks,TRUE
HDFCLIFE,TJI Insurance,TRUE
HDIL,TJI Real Estate,FALSE
HEALTHCARE,,FALSE
HEG,,FALSE
HEIDELBERG,TJI Cement,FALSE
HERITGFOOD,TJI Dairy Products,FALSE
HEROMOTOCO,TJI Auto OEM,FALSE
HEXT,,FALSE
HGINFRA,TJI Infrastructure,FALSE
HGS,TJI IT Small Cap,FALSE
HIKAL,TJI Pharma,FALSE
HIMATSEIDE,TJI Textiles,FALSE
HINDALCO,TJI Metals,FALSE
HINDCOPPER,TJI Metals,FALSE
HINDOILEXP,TJI Upstream,FALSE
HINDPETRO,TJI Oil Refiners,FALSE
HINDUNILVR,TJI FMCG,FALSE
HINDZINC,TJI Metals,FALSE
HITECHCORP,TJI Chemicals,FALSE
HMT,TJI PSU,FALSE
HMVL,,FALSE
HONASA,,FALSE
HONAUT,,FALSE
HSCL,TJI Chemicals,FALSE
HTMEDIA,,FALSE
HUBTOWN,,FALSE
IBREALEST,,FALSE
IBULLSLTD,MANUAL_FINANCIAL,TRUE
ICICI,TJI Banks,TRUE
ICICIBANK,TJI Banks,TRUE
ICICIGI,TJI General Insurance,TRUE
ICICIPRULI,TJI Insurance,TRUE
ICIL,TJI Textiles,FALSE
ICRA,TJI Rating Agencies,FALSE
IDBI,TJI Banks,TRUE
IDEA,TJI Telecom,FALSE
IDEAFORGE,,FALSE
IDFCFIRSTB,TJI Banks,TRUE
IFBIND,TJI Electrical Appliances,FALSE
IFCI,TJI NBFC - Non Deposit Taking,TRUE
IGARASHI,,FALSE
IGL,TJI Chemicals,FALSE
IGPL,TJI Chemicals,FALSE
IIFL,MANUAL_FINANCIAL,TRUE
IL&FSTRANS,,FALSE
IMAGICAA,,FALSE
IMFA,,FALSE
INDHOTEL,TJI Hospitality,FALSE
INDIACEM,TJI Cement,FALSE
INDIAGLYCO,,FALSE
INDIAMART,TJI IT - Product/Platform,FALSE
INDIANB,TJI Banks,TRUE
INDIANCARD,,FALSE
INDIGO,TJI Aviation,FALSE
INDOCO,TJI Pharma,FALSE
INDORAMA,TJI Yarn,FALSE
INDSWFTLAB,TJI Pharma - Small Cap,FALSE
INDUSINDBK,TJI Banks,TRUE
INDUSTOWER,TJI Communication Equipment,FALSE
INFIBEAM,,FALSE
INFOMEDIA,,FALSE
INFY,TJI IT Large Cap,FALSE
INGERRAND,,FALSE
INOXWIND,,FALSE
INTELLECT,TJI IT Small Cap,FALSE
IOB,TJI Banks,TRUE
IOC,TJI Oil Refiners,FALSE
IONEXCHANG,TJI Recycling,FALSE
IPCALAB,TJI Pharma,FALSE
IRCON,TJI Railways,FALSE
IRCTC,TJI IT - Product/Platform,FALSE
ITC,TJI FMCG,FALSE
ITCHOTELS,,FALSE
ITDC,TJI PSU,FALSE
ITDCEMEN,TJI Infrastructure,FALSE
ITI,TJI Communication Equipment,FALSE
ITIETF,,FALSE
J&KBANK,TJI Banks,TRUE
JAGRAN,,FALSE
JAICORPLTD,,FALSE
JBCHEPHARM,TJI Pharma,FALSE
JBMA,TJI Auto Ancillary,FALSE
JGCHEM,,FALSE
JINDALPHOT,,FALSE
JINDALPOLY,TJI Chemicals,FALSE
JINDALSAW,TJI Metal Pipes,FALSE
JINDALSTEL,TJI Metals,FALSE
JISLJALEQS,TJI Chemicals,FALSE
JKCEMENT,TJI Cement,FALSE
JKPAPER,TJI Paper & Board,FALSE
JKTYRE,TJI Auto Ancillary,FALSE
JPPOWER,TJI Power,FALSE
JSL,TJI Metals,FALSE
JSWDULUX,TJI Paint Manufacturers,FALSE
JSWHL,TJI Holding Companies,FALSE
JSWSTEEL,TJI Metals,FALSE
JTEKTINDIA,TJI Auto Ancillary,FALSE
JUBLFOOD,TJI QSR,FALSE
JUBLINGREA,,FALSE
JUBLINGRY,,FALSE
JYOTISTRUC,TJI Infrastructure,FALSE
KAJARIACER,TJI Tiles,FALSE
KANSAINER,TJI Paint Manufacturers,FALSE
KARURVYSYA,,FALSE
KCP,TJI Cement,FALSE
KEI,TJI Wires & Cables,FALSE
KENNAMET,,FALSE
KIOCL,TJI Metals,FALSE
KIRLOSBROS,,FALSE
KITEX,TJI Textiles,FALSE
KKCL,TJI Textiles,FALSE
KMSUGAR,,FALSE
KNRCON,TJI Infrastructure,FALSE
KOHINOOR,,FALSE
KOPRAN,TJI Pharma - Small Cap,FALSE
KOTAKBANK,TJI Banks,TRUE
KOTHARIPRO,,FALSE
KPEL,TJI Infrastructure,FALSE
KPITTECH,TJI IT Small Cap,FALSE
KPL,,FALSE
KRBL,TJI FMCG,FALSE
KSB,,FALSE
KTKBANK,TJI Banks,TRUE
LALPATHLAB,TJI Diagnostic Chains,FALSE
LANDMARK,,FALSE
LANDSMILL,,FALSE
LAOPALA,TJI Glass Products,FALSE
LAURUSLABS,TJI Pharma,FALSE
LEMONTREE,TJI Hospitality,FALSE
LGBBROSLTD,,FALSE
LICHSGFIN,TJI Home Finance,TRUE
LINDEINDIA,TJI Chemicals,FALSE
LT,TJI Infrastructure,FALSE
LTF,TJI Asset Management,TRUE
LTM,,FALSE
LTTS,,FALSE
LUPIN,TJI Pharma,FALSE
LUXIND,TJI Innerwear Manufacturers,FALSE
M& M,TJI Auto OEM,FALSE
M&M,TJI Auto OEM,FALSE
MAFATIND,,FALSE
MAHABANK,TJI Banks,TRUE
MAHSCOOTER,TJI Holding Companies,FALSE
MAHSEAMLES,TJI Metal Pipes,FALSE
MANPASAND,,FALSE
MARALOVER,,FALSE
MARICO,TJI FMCG,FALSE
MARKSANS,TJI Pharma,FALSE
MARUTI,TJI Auto OEM,FALSE
MASFIN,TJI Microfinance,TRUE
MASTEK,TJI IT Small Cap,FALSE
MAXIND,,FALSE
MAYURUNIQ,,FALSE
MBEL,,FALSE
MBLINFRA,TJI Infrastructure,FALSE
MCDOWELL,TJI Alcoholic Beverages,FALSE
MCLEODRUSS,,FALSE
MCX,,FALSE
MEDPLUS,TJI IT - Product/Platform,FALSE
MERCK,,FALSE
METROBRAND,TJI Retail Chains,FALSE
METROPOLIS,TJI Diagnostic Chains,FALSE
MFSL,TJI Insurance,TRUE
MGL,TJI City Gas,FALSE
MIDHANI,TJI Defence,FALSE
MIRZAINT,,FALSE
MKPL,,FALSE
MOREPENLAB,TJI Pharma,FALSE
MOTHERSON,TJI Auto Ancillary,FALSE
MOTHERSUMI,,FALSE
MOTILALOFS,TJI Asset Management,TRUE
MPHASIS,TJI IT Mid Cap,FALSE
MPSLTD,,FALSE
MRF,TJI Auto Ancillary,FALSE
MRPL,TJI Chemicals,FALSE
MTEDUCARE,,FALSE
MTNL,TJI PSU,FALSE
MUKTAARTS,,FALSE
MUNJALAU,,FALSE
MUNJALSHOW,TJI Auto Ancillary,FALSE
NAHARPOLY,TJI Packaging Films,FALSE
NAHARSPING,,FALSE
NAM-INDIA,TJI Asset Management,TRUE
NATCOPHARM,TJI Pharma,FALSE
NATIONALUM,TJI Metals,FALSE
NAVA,,FALSE
NAVINFLUOR,TJI Chemicals,FALSE
NAVKARCORP,TJI Logistics,FALSE
NCC,TJI Infrastructure,FALSE
NDTV,,FALSE
NESCO,,FALSE
NESTLEIND,TJI FMCG,FALSE
NETWEB,,FALSE
NETWORK18,TJI Media & Entertainment,FALSE
NFL,TJI Fertilizer,FALSE
NH,TJI Hospitals,FALSE
NIACL,TJI General Insurance,TRUE
NILKAMAL,TJI Chemicals,FALSE
NITCO,,FALSE
NLCINDIA,TJI Power,FALSE
NMDC,TJI Metals,FALSE
NOCIL,TJI Chemicals,FALSE
NOIDATOLL,,FALSE
NRBBEARING,TJI Bearings,FALSE
NTPC,TJI Power,FALSE
NUVOCO,TJI Cement,FALSE
OFSS,TJI IT Mid Cap,FALSE
OIL,TJI Polymers,FALSE
OILCOUNTUB,,FALSE
OLAELEC,,FALSE
OLECTRA,,FALSE
OMAXAUTO,,FALSE
OMAXE,TJI Real Estate,FALSE
ONELIFECAP,,FALSE
ONGC,TJI Oil Refiners,FALSE
ONIDA,TJI Electrical Appliances,FALSE
ORIENTCEM,TJI Cement,FALSE
ORIENTELEC,TJI Electrical Appliances,FALSE
ORIENTHOT,TJI Hospitality,FALSE
ORIENTPPR,TJI Paper & Board,FALSE
ORIENTREF,,FALSE
ORIENTTECH,,FALSE
ORISSAMINE,,FALSE
OSWALAGRO,,FALSE
PARAGMILK,TJI Dairy Products,FALSE
PARSVNATH,,FALSE
PATANJALI,,FALSE
PATELENG,TJI Infrastructure,FALSE
PCBL,TJI Chemicals,FALSE
PCJEWELLER,TJI Jewellery,FALSE
PDMJEPAPER,,FALSE
PENIND,,FALSE
PENINLAND,,FALSE
PERSISTENT,TJI IT Mid Cap,FALSE
PETRONET,,FALSE
PFIZER,TJI Pharma,FALSE
PGHL,,FALSE
PIDILITIND,TJI Chemicals,FALSE
PNB,TJI Banks,TRUE
PNBGILTS,TJI PSU,FALSE
PNC,,FALSE
POLARIS,,FALSE
POLYCAB,TJI Wires & Cables,FALSE
POLYMED,,FALSE
POLYPLEX,TJI Chemicals,FALSE
POONAWALLA,TJI NBFC - Non Deposit Taking,TRUE
PRAJIND,,FALSE
PRAKASH,TJI Pipe Manufacturers,FALSE
PRECISION,,FALSE
PREMIER,,FALSE
PREMIERENE,TJI Solar Panel Mfg,FALSE
PRESTIGE,TJI Real Estate,FALSE
PRUDENT,TJI Asset Management,TRUE
PTC,TJI NBFC - Non Deposit Taking,TRUE
PUNJABCHEM,TJI Agro Chemicals,FALSE
PURVA,TJI Real Estate,FALSE
QUESS,TJI IT Mid Cap,FALSE
RAIN,TJI Cement,FALSE
RAJESHEXPO,,FALSE
RALLIS,TJI Agro Chemicals,FALSE
RAMANEWS,,FALSE
RAMCOCEM,TJI Cement,FALSE
RAMCOIND,,FALSE
RAMCOSYS,TJI IT Small Cap,FALSE
RATNAMANI,TJI Metal Pipes,FALSE
RAYMOND,TJI Textiles,FALSE
RBLBANK,TJI Banks,TRUE
RCF,TJI Chemicals,FALSE
RCOM,,FALSE
RECLTD,TJI NBFC - Non Deposit Taking,TRUE
REGENCERAM,,FALSE
RELAXO,TJI FMCG,FALSE
RELCAPITAL,MANUAL_FINANCIAL,TRUE
RELIANCE,TJI Oil Refiners,FALSE
RELIGARE,TJI General Insurance,TRUE
RELINFRA,,FALSE
REPRO,,FALSE
RESPONIND,TJI Chemicals,FALSE
RHIM,TJI Refractories,FALSE
RICOAUTO,TJI Auto Ancillary,FALSE
RIIL,TJI Infrastructure,FALSE
RITES,TJI PSU,FALSE
RKFORGE,TJI Auto Ancillary,FALSE
ROSSARI,,FALSE
ROUTE,TJI IT - Product/Platform,FALSE
RPOWER,TJI Power,FALSE
RPPINFRA,TJI Infrastructure,FALSE
RSWM,TJI Textiles,FALSE
RTNPOWER,,FALSE
RUPA,TJI Innerwear Manufacturers,FALSE
RUSHIL,TJI Plywood,FALSE
RVNL,TJI Infrastructure,FALSE
SADBHAV,TJI Infrastructure,FALSE
SAIL,TJI Metals,FALSE
SAKHTISUG,,FALSE
SALSTEEL,,FALSE
SAMTEL,,FALSE
SANOFI,,FALSE
SAREGAMA,TJI Media & Entertainment,FALSE
SBICARD,,FALSE
SBILIFE,TJI Insurance,TRUE
SBIN,TJI Banks,TRUE
SCHAEFFLER,TJI Bearings,FALSE
SCHNEIDER,,FALSE
SCI,TJI Logistics,FALSE
SCILAL,,FALSE
SEAMECLTD,TJI Logistics,FALSE
SECURKLOUD,,FALSE
SEQUENT,,FALSE
SESHAPAPER,TJI Paper & Board,FALSE
SFL,TJI Textiles,FALSE
SHANKARA,,FALSE
SHARDACROP,TJI Agro Chemicals,FALSE
SHILPAMED,TJI Pharma,FALSE
SHK,TJI FMCG,FALSE
SHOPERSTOP,TJI Retail Chains,FALSE
SHREECEM,TJI Cement,FALSE
SHREERAMA,,FALSE
SHRENUJ,,FALSE
SHRIRAMFIN,TJI NBFC - Deposit Taking,TRUE
SHYAMTEL,,FALSE
SIEMENS,,FALSE
SIL,TJI Chemicals,FALSE
SIMPLEXINF,TJI Infrastructure,FALSE
SIS,,FALSE
SITINET,,FALSE
SJLOGISTIC,,FALSE
SJVN,TJI Power,FALSE
SKFINDIA,TJI Bearings,FALSE
SMARTLINK,,FALSE
SMLISUZU,,FALSE
SMLMAH,TJI Auto OEM,FALSE
SNOWMAN,TJI Logistics,FALSE
SOLARINDS,TJI Chemicals,FALSE
SOMANYCERA,TJI Tiles,FALSE
SONACOMS,TJI Auto Ancillary,FALSE
SONATSOFTW,TJI IT Small Cap,FALSE
SOUTHBANK,TJI Banks,TRUE
SPANDANA,TJI Microfinance,TRUE
SPARC,TJI Pharma,FALSE
SPLPETRO,TJI Polymers,FALSE
SRF,TJI Packaging Films,FALSE
STAR,TJI Pharma,FALSE
STARCEMENT,TJI Cement,FALSE
SULA,,FALSE
SUMICHEM,,FALSE
SUMMITSEC,,FALSE
SUNCLAY,,FALSE
SUNDARMFIN,TJI Asset Management,TRUE
SUNDRMBRAK,,FALSE
SUNDRMFAST,,FALSE
SUNPHARMA,TJI Pharma,FALSE
SUPRAJIT,TJI Auto Ancillary,FALSE
SUPREMEIND,TJI Chemicals,FALSE
SUPREMEINF,,FALSE
SURYALAXMI,,FALSE
SUVEN,TJI Pharma,FALSE
SWARAJENG,TJI Auto Ancillary,FALSE
SWIGGY,,FALSE
SWSOLAR,TJI Infrastructure,FALSE
SYMPHONY,TJI Electrical Appliances,FALSE
SYNGENE,TJI Pharma - API & CRAMS,FALSE
SYRMA,TJI EMS,FALSE
TAKE,TJI IT Small Cap,FALSE
TASTYBITE,TJI Packaged Meat,FALSE
TATACHEM,TJI Agro Chemicals,FALSE
TATACOMM,TJI Communication Equipment,FALSE
TATACONSUM,TJI FMCG,FALSE
TATAELXSI,TJI IT Mid Cap,FALSE
TATAINVEST,TJI Holding Companies,TRUE
TATAMETAL,TJI Metals,FALSE
TATAMOTORS,,FALSE
TATAPOWER,TJI Power,FALSE
TATASTEEL,TJI Metals,FALSE
TATVA,TJI Speciality Chemicals,FALSE
TBZ,TJI Jewellery,FALSE
TCI,TJI Logistics,FALSE
TCIEXP,TJI Logistics,FALSE
TCS,TJI IT Large Cap,FALSE
TDPOWERSYS,,FALSE
TEAMLEASE,TJI IT Mid Cap,FALSE
TECH,,FALSE
TECHNOE,TJI Infrastructure,FALSE
TEXRAIL,TJI Railways,FALSE
THERMAX,,FALSE
THOMASCOOK,,FALSE
THYROCARE,TJI Diagnostic Chains,FALSE
TI,TJI Alcoholic Beverages,FALSE
TIINDIA,TJI Metal Pipes,FALSE
TIMETECHNO,TJI Chemicals,FALSE
TIMEX,,FALSE
TIMKEN,TJI Bearings,FALSE
TITAN,TJI Jewellery,FALSE
TMCV,,FALSE
TMPV,TJI Auto OEM,FALSE
TNPETRO,TJI Chemicals,FALSE
TORNTPHARM,TJI Pharma,FALSE
TORNTPOWER,TJI Power,FALSE
TRANSPEK,TJI Chemicals,FALSE
TREEHOUSE,,FALSE
TRENT,TJI Retail Chains,FALSE
TRIDENT,TJI Paper & Board,FALSE
TRIGYN,,FALSE
TRITURBINE,,FALSE
TRIVENI,TJI Sugar,FALSE
TTKPRESTIG,,FALSE
TTML,,FALSE
TVSSRICHAK,TJI Auto Ancillary,FALSE
TVTODAY,TJI Media & Entertainment,FALSE
UBL,TJI Alcoholic Beverages,FALSE
UCAL,TJI Auto Ancillary,FALSE
UCALFUEL,,FALSE
UFLEX,TJI Chemicals,FALSE
UJJIVAN,TJI Microfinance,TRUE
UJJIVANSFB,TJI Holding Companies,TRUE
ULTRACEMCO,TJI Cement,FALSE
UNICHEMLAB,TJI Pharma,FALSE
UNIECOM,,FALSE
UNIONBANK,TJI Banks,TRUE
UNITDSPR,TJI Alcoholic Beverages,FALSE
UNOMINDA,TJI Auto Ancillary,FALSE
URBANCO,,FALSE
USHAMART,,FALSE
UTKARSHBNK,MANUAL_FINANCIAL,TRUE
UTTAM,,FALSE
UTTAMSUGAR,,FALSE
UYFINCORP,MANUAL_FINANCIAL,TRUE
VAIBHAVGBL,TJI Jewellery,FALSE
VARDMNPOLY,TJI Yarn,FALSE
VARROC,TJI Auto Ancillary,FALSE
VARUN,,FALSE
VBL,,FALSE
VEDL,TJI Metals,FALSE
VENKEYS,TJI Packaged Meat,FALSE
VESUVIUS,TJI Refractories,FALSE
VHL,,FALSE
VIJAYA,TJI Diagnostic Chains,FALSE
VINDHYATEL,,FALSE
VINYLINDIA,TJI Chemicals,FALSE
VIVIDHA,,FALSE
VIYASH,TJI Pharma,FALSE
VMART,TJI Retail Chains,FALSE
VOLTAS,TJI Electrical Appliances,FALSE
VTL,TJI Textiles,FALSE
WABAG,TJI Recycling,FALSE
WELENT,,FALSE
WESTLIFE,TJI QSR,FALSE
WHEELS,TJI Auto Ancillary,FALSE
WIDIA,,FALSE
WINSOME,,FALSE
WIPRO,TJI IT Large Cap,FALSE
WOCKPHARMA,TJI Pharma,FALSE
WONDERLA,TJI Media & Entertainment,FALSE
WSI,,FALSE
WSTCSTPAPR,TJI Paper & Board,FALSE
YESBANK,TJI Banks,TRUE
ZEEL,TJI Media & Entertainment,FALSE
ZEELEARN,,FALSE
ZENSARTECH,,FALSE
ZTECH,,FALSE
ZUARI,TJI Fertilizer,FALSE
ZYDUSWELL,TJI FMCG,FALSE